   0.,  661.33,     0.40,     0.2,     0.0,     0.2,   37.42,   10.11,    0.76,   32.95,  302.41
   0., 1181.73,     0.90,     0.3,     1.2,     0.4,   35.31,   10.35,    0.79,   32.51,  309.47
   0., 1394.13,     1.20,     0.4,     2.6,     0.5,   19.14,    9.43,    0.54,   28.89,  199.47
   0., 1422.93,     1.42,     0.5,     3.0,     0.6,   19.19,    9.75,    0.59,   29.28,  204.82
   8., 1298.40,     1.53,     0.5,     2.7,     0.6,   18.16,    9.10,    0.57,   26.74,  195.11
  10., 1225.60,     1.74,     0.4,     2.5,     0.6,   16.77,    8.94,    0.54,   25.73,  185.47
  12., 1096.40,     1.88,     0.4,     2.3,     0.6,   14.84,    8.28,    0.49,   23.41,  167.70
  14., 1046.40,     2.10,     0.4,     2.2,     0.6,   14.08,    8.11,    0.47,   22.54,  161.92
  16., 1085.33,     2.59,     0.4,     2.3,     0.6,   14.73,    8.71,    0.50,   23.82,  171.57
  18., 1112.67,     3.09,     0.4,     2.5,     0.7,   14.87,    9.06,    0.52,   24.42,  175.88
  20.,  997.87,     3.24,     0.4,     2.3,     0.6,   13.43,    8.36,    0.48,   22.28,  160.47
  22., 1032.40,     3.91,     0.4,     2.4,     0.7,   14.18,    8.97,    0.51,   23.57,  171.17
  24., 1065.07,     4.75,     0.5,     2.5,     0.8,   14.92,    9.59,    0.54,   24.78,  182.32
  26., 1036.40,     5.47,     0.5,     2.5,     0.8,   15.04,    9.70,    0.55,   24.67,  185.39
  28., 1069.87,     6.42,     0.5,     2.6,     0.9,   15.91,   10.34,    0.59,   25.86,  198.37
  30., 1007.47,     6.92,     0.5,     2.6,     0.9,   14.78,    9.89,    0.56,   24.47,  186.89
  32.,  987.07,     7.91,     0.5,     2.6,     1.0,   14.64,   10.27,    0.57,   25.12,  188.05
  34.,  988.53,     9.04,     0.5,     2.7,     1.0,   14.99,   10.65,    0.59,   25.85,  193.50
  36.,  944.27,     9.65,     0.5,     2.6,     1.0,   14.34,   10.46,    0.57,   25.13,  187.06
  38.,  984.27,    10.84,     0.5,     2.8,     1.1,   14.84,   11.10,    0.60,   26.61,  194.52
  40.,  938.67,    11.22,     0.5,     2.7,     1.0,   14.16,   10.90,    0.58,   25.92,  187.12
  42.,  883.20,    11.82,     0.5,     2.6,     1.1,   13.92,   10.72,    0.58,   25.28,  184.45
  44.,  831.87,    12.04,     0.5,     2.5,     1.1,   13.78,   10.23,    0.57,   23.83,  182.76
  46.,  759.47,    12.04,     0.5,     2.4,     1.0,   12.44,    9.71,    0.53,   22.48,  167.64
  48.,  780.53,    13.51,     0.5,     2.5,     1.1,   13.17,   10.36,    0.57,   23.90,  177.48
  50.,  737.33,    13.52,     0.5,     2.4,     1.1,   12.76,    9.84,    0.55,   22.57,  171.57
  52.,  706.27,    13.98,     0.5,     2.4,     1.0,   12.80,   10.20,    0.55,   22.47,  174.26
  54.,  718.00,    15.22,     0.5,     2.4,     1.1,   12.80,   10.28,    0.57,   23.27,  174.09
  56.,  698.67,    15.90,     0.5,     2.4,     1.1,   12.95,   10.32,    0.57,   23.26,  176.60
  58.,  736.53,    17.99,     0.5,     2.6,     1.2,   13.57,   11.01,    0.61,   24.64,  186.34
  60.,  706.13,    18.59,     0.5,     2.6,     1.2,   13.02,   10.77,    0.60,   24.17,  179.19
  62.,  743.60,    20.26,     0.5,     2.7,     1.2,   13.74,   36.49,    0.63,   25.70,  187.57
  64.,  790.93,    23.24,     0.6,     2.9,     1.3,   14.83,   12.42,    0.68,   27.97,  203.22
  66.,  758.13,    23.22,     0.5,     2.9,     1.3,   14.27,   12.16,    0.67,   27.39,  196.22
  68.,  724.00,    23.42,     0.5,     2.7,     1.2,   13.57,   11.91,    0.64,   26.62,  187.96
  70.,  717.47,    24.27,     0.5,     2.8,     1.3,   13.70,   11.97,    0.65,   26.73,  189.57
  72.,  774.93,    27.28,     0.6,     3.0,     1.4,   14.76,   12.61,    0.70,   28.54,  201.44
  74.,  759.47,    27.90,     0.6,     3.0,     1.4,   14.67,   12.34,    0.70,   27.96,  199.37
  76.,  744.40,    29.65,     0.6,     3.0,     1.5,   14.82,   12.40,    0.71,   28.21,  200.82
  78.,  758.40,    31.68,     0.6,     3.1,     1.5,   15.25,   12.75,    0.74,   29.07,  206.35
  80.,  729.20,    32.08,     0.6,     3.1,     1.5,   14.87,   12.47,    0.73,   28.40,  201.06
  82.,  661.60,    31.12,     0.5,     2.9,     1.4,   13.66,   11.90,    0.68,   27.00,  186.06
  84.,  670.67,    33.02,     0.5,     2.9,     1.4,   13.76,   12.24,    0.69,   27.90,  187.40
  86.,  643.20,    33.71,     0.5,     2.9,     1.3,   13.46,   12.28,    0.69,   28.06,  183.95
  88.,  653.60,    36.16,     0.6,     3.0,     1.4,   14.05,   12.63,    0.72,   29.08,  190.35
  90.,  656.93,    38.65,     0.6,     3.1,     1.5,   14.71,   13.02,    0.76,   29.90,  198.92
  92.,  673.47,    40.51,     0.6,     3.2,     1.6,   15.84,   13.35,    0.80,   30.57,  212.44
  94.,  639.87,    41.78,     0.6,     3.1,     1.7,   17.10,   13.10,    0.84,   29.79,  224.62
  96.,  674.27,    46.91,     0.6,     3.4,     1.9,   19.16,   14.12,    0.94,   31.72,  250.82
  98.,  683.87,    49.20,     0.6,     3.5,     1.9,   18.72,   14.46,    0.95,   32.29,  249.88
 100.,  706.93,    49.92,     0.6,     3.5,     2.0,   19.65,   14.46,    0.98,   31.95,  259.27
 102.,  701.60,    51.48,     0.7,     3.5,     2.0,   19.97,   14.49,    1.00,   31.61,  264.34
 104.,  744.00,    56.24,     0.7,     3.7,     2.2,   20.81,   15.18,    1.05,   32.84,  277.16
 106.,  745.20,    59.69,     0.7,     3.9,     2.2,   19.99,   15.52,    1.05,   33.49,  272.52
 108.,  684.93,    58.37,     0.7,     3.6,     2.0,   18.82,   14.91,    1.00,   31.93,  258.57
 110.,  704.00,    61.97,     0.7,     3.8,     2.1,   20.04,   15.61,    1.05,   33.09,  275.06
 112.,  714.00,    64.12,     0.7,     3.8,     2.1,   19.94,   15.61,    1.06,   33.03,  274.42
 114.,  692.27,    62.86,     0.7,     3.7,     2.0,   19.18,   15.29,    1.03,   32.11,  266.50
 116.,  739.73,    68.46,     0.7,     4.0,     2.1,   20.04,   16.28,    1.09,   34.18,  280.41
 118.,  699.33,    68.52,     0.7,     3.9,     1.9,   18.97,   15.95,    1.05,   33.61,  267.11
 120.,  676.00,    64.44,     0.7,     3.6,     1.8,   18.02,   14.97,    0.99,   31.43,  252.58
 122.,  693.20,    67.28,     0.7,     3.8,     2.0,   19.39,   15.32,    1.05,   32.11,  268.08
 124.,  709.07,    66.64,     0.7,     3.8,     2.1,   19.56,   15.32,    1.06,   31.89,  270.89
 126.,  700.27,    68.32,     0.7,     3.8,     2.0,   19.24,   15.33,    1.06,   31.80,  268.63
 128.,  665.07,    66.05,     0.7,     3.6,     1.8,   17.68,   14.64,    0.99,   30.39,  249.93
 130.,  669.07,    68.83,     0.7,     3.7,     1.9,   18.83,   15.00,    1.04,   31.02,  262.67
 132.,  706.93,    74.32,     0.7,     3.9,     2.1,   20.24,   16.03,    1.12,   32.87,  283.40
 134.,  694.93,    75.59,     0.7,     3.9,     2.1,   20.05,   16.05,    1.12,   32.76,  282.57
 136.,  685.87,    75.31,     0.7,     3.8,     2.1,   19.72,   15.71,    1.10,   32.04,  277.48
 138.,  682.53,    77.91,     0.7,     4.0,     2.1,   19.75,   16.05,    1.12,   32.70,  280.26
 140.,  695.73,    78.29,     0.7,     4.0,     2.0,   19.30,   16.36,    1.11,   33.09,  278.14
 142.,  687.07,    79.58,     0.7,     4.0,     2.1,   20.16,   16.36,    1.13,   33.11,  286.36
 144.,  685.87,    80.76,     0.7,     3.9,     2.1,   20.19,   16.37,    1.14,   32.99,  287.93
 146.,  714.67,    82.53,     0.7,     4.1,     2.1,   20.70,   17.02,    1.16,   33.70,  296.03
 148.,  718.93,    85.82,     0.7,     4.1,     2.1,   20.40,   17.03,    1.18,   34.50,  292.47
 150.,  672.67,    80.81,     0.7,     3.9,     2.0,   19.37,   16.41,    1.12,   32.95,  280.29
 152.,  715.07,    86.94,     0.7,     4.1,     2.1,   20.57,   17.41,    1.19,   35.08,  296.65
 154.,  660.00,    82.22,     0.7,     3.8,     2.0,   19.27,   16.44,    1.12,   33.12,  278.61
 156.,  658.27,    84.69,     0.7,     3.9,     2.0,   19.52,   16.38,    1.13,   33.38,  279.05
 158.,  638.40,    83.60,     0.7,     3.8,     1.9,   19.23,   16.04,    1.11,   32.68,  274.34
 160.,  634.80,    81.74,     0.7,     3.7,     1.9,   18.67,   15.36,    1.07,   31.32,  265.26
 162.,  599.73,    77.63,     0.6,     3.5,     1.8,   18.13,   14.66,    1.03,   29.78,  257.35
 164.,  623.33,    81.86,     0.7,     3.6,     1.8,   18.80,   15.02,    1.07,   30.66,  265.13
 166.,  605.87,    79.71,     0.6,     3.5,     1.7,   17.85,   14.78,    1.03,   29.90,  254.07
 168.,  586.80,    74.19,     0.6,     3.3,     1.6,   16.84,   13.99,    0.97,   28.46,  240.66
 170.,  603.60,    75.05,     0.6,     3.4,     1.6,   16.95,   13.99,    0.98,   28.48,  241.44
 172.,  588.53,    79.06,     0.6,     3.5,     1.6,   17.14,   14.29,    1.00,   29.41,  243.49
 174.,  606.40,    78.92,     0.6,     3.4,     1.6,   16.80,   14.32,    0.98,   29.33,  240.65
 176.,  581.20,    73.89,     0.6,     3.2,     1.4,   15.81,   13.64,    0.92,   27.92,  227.10
 178.,  556.13,    75.86,     0.6,     3.2,     1.6,   16.40,   13.31,    0.94,   27.49,  230.32
 180.,  565.20,    76.57,     0.6,     3.3,     1.6,   16.54,   13.31,    0.94,   27.44,  232.59
 182.,  510.67,    73.10,     0.6,     3.1,     1.4,   15.44,   13.02,    0.89,   26.55,  221.24
 184.,  513.60,    72.51,     0.5,     3.0,     1.5,   15.91,   13.01,    0.90,   26.30,  226.51
 186.,  489.87,    71.29,     0.5,     2.9,     1.4,   15.42,   12.36,    0.88,   25.41,  216.15
 188.,  503.07,    75.17,     0.6,     3.0,     1.4,   15.80,   13.03,    0.92,   26.76,  223.65
 190.,  519.33,    77.10,     0.6,     3.1,     1.5,   16.30,   13.00,    0.94,   26.85,  227.35
 192.,  524.93,    76.56,     0.6,     3.0,     1.5,   16.18,   13.00,    0.92,   26.60,  227.72
 194.,  504.80,    76.49,     0.5,     3.0,     1.4,   15.67,   12.68,    0.89,   25.93,  221.37
 196.,  464.93,    75.23,     0.5,     2.9,     1.4,   14.64,   12.02,    0.85,   24.88,  206.38
 198.,  559.20,    80.91,     0.6,     3.2,     1.5,   18.26,   13.36,    0.94,   27.50,  229.06
 200.,  516.80,    86.93,     0.6,     3.2,     1.5,   16.48,   13.34,    0.97,   28.07,  229.10
 202.,  502.67,    85.70,     0.6,     3.1,     1.4,   15.72,   13.03,    0.94,   27.45,  220.17
 204.,  512.40,    83.10,     0.6,     3.2,     1.4,   15.68,   12.99,    0.93,   27.35,  219.65
 206.,  587.33,    82.39,     0.6,     3.2,     1.4,   16.25,   13.25,    0.95,   27.82,  226.68
 208.,  571.87,    88.99,     0.6,     3.4,     1.5,   17.12,   13.55,    0.99,   28.80,  235.56
 210.,  571.73,    89.55,     0.6,     3.4,     1.5,   17.36,   13.55,    0.99,   28.78,  238.14
 212.,  544.13,    88.79,     0.6,     3.3,     1.5,   17.13,   13.21,    0.97,   28.11,  233.50
 214.,  582.40,    95.68,     0.6,     3.5,     1.6,   17.96,   13.89,    1.01,   29.71,  244.16
 216.,  593.20,    96.70,     0.6,     3.6,     1.6,   17.94,   14.21,    1.02,   30.21,  246.85
 218.,  594.00,    96.08,     0.6,     3.6,     1.5,   17.47,   14.20,    1.03,   30.32,  241.86
 220.,  582.80,    95.61,     0.6,     3.5,     1.4,   17.15,   14.19,    1.02,   30.33,  237.61
 222.,  538.93,    88.69,     0.6,     3.3,     1.3,   16.46,   13.53,    0.97,   29.27,  225.53
 224.,  530.80,    90.14,     0.6,     3.2,     1.3,   16.49,   13.18,    1.00,   28.93,  221.86
 226.,  558.00,    99.26,     0.6,     3.4,     1.5,   17.90,   13.50,    1.04,   30.08,  234.89
 228.,  597.60,   103.24,     0.6,     3.7,     1.7,   20.16,   14.13,    1.13,   31.16,  260.65
 230.,  605.60,   102.37,     0.6,     3.7,     1.7,   22.33,   14.09,    1.20,   30.70,  280.20
 232.,  562.53,   100.27,     0.6,     3.5,     1.6,   20.39,   13.46,    1.11,   29.05,  261.47
 234.,  570.00,   100.19,     0.6,     3.5,     1.6,   20.39,   13.46,    1.12,   28.78,  262.96
 236.,  583.20,   100.11,     0.6,     3.5,     1.7,   21.11,   13.45,    1.14,   28.43,  270.71
 238.,  618.53,   105.05,     0.6,     3.7,     1.7,   21.97,   14.07,    1.18,   29.33,  285.79
 240.,  580.53,   108.55,     0.6,     3.7,     1.7,   20.93,   13.80,    1.15,   28.58,  275.32
 242.,  584.80,   105.63,     0.6,     3.6,     1.6,   19.63,   13.82,    1.11,   28.06,  267.09
 244.,  582.67,   108.09,     0.6,     3.6,     1.6,   20.04,   13.84,    1.11,   27.87,  270.95
 246.,  572.13,   112.95,     0.6,     3.7,     1.7,   20.48,   14.19,    1.15,   28.48,  278.04
 248.,  561.87,   112.44,     0.6,     3.6,     1.6,   19.64,   13.88,    1.10,   27.54,  269.79
 250.,  552.93,   107.85,     0.6,     3.5,     1.5,   18.69,   13.53,    1.06,   26.69,  260.45
 252.,  516.53,   109.54,     1.2,     3.5,    31.8,   17.79,   13.23,    1.03,   26.14,  249.85
 254.,  482.80,   105.04,     0.6,     3.3,     1.3,   16.76,   12.91,    0.99,   25.33,  238.87
 256.,  509.73,   105.74,     0.6,     3.3,     1.4,   17.60,   12.91,    1.01,   25.21,  246.72
 258.,  518.93,   109.86,     0.6,     3.5,     1.5,   18.62,   13.21,    1.06,   25.83,  258.27
 260.,  499.87,   106.99,     0.6,     3.4,     1.5,   18.20,   12.90,    1.03,   24.88,  254.24
 262.,  578.13,   112.98,     0.6,     3.6,     1.5,   19.11,   14.23,    1.09,   26.86,  273.89
 264.,  492.93,   109.69,     0.6,     3.3,     1.4,   17.61,   13.29,    1.03,   25.10,  254.33
 266.,  487.07,   110.32,     0.6,     3.3,     1.5,   18.13,   13.29,    1.04,   24.99,  260.14
 268.,  482.67,   109.56,     0.6,     3.3,     1.5,   17.92,   13.28,    1.03,   24.68,  259.73
 270.,  461.20,   105.91,     0.6,     3.2,     1.5,   17.44,   12.98,    1.00,   23.93,  254.08
 272.,  477.73,   108.56,     0.6,     3.2,     1.5,   17.98,   13.29,    1.03,   24.40,  262.79
 274.,  534.40,   110.27,     0.6,     3.4,     1.5,   17.95,   13.92,    1.04,   25.28,  268.01
 276.,  528.80,   115.01,     0.6,     3.4,     1.5,   18.48,   13.89,    1.05,   25.99,  267.34
 278.,  557.47,   121.30,     0.7,     3.6,     1.6,   19.89,   14.57,    1.12,   27.15,  287.46
 280.,  557.20,   115.75,     0.6,     3.6,     1.5,   19.26,   14.56,    1.09,   26.51,  284.56
 282.,  570.80,   117.69,     0.6,     3.6,     1.5,   18.98,   14.57,    1.10,   26.63,  281.50
 284.,  574.80,   115.19,     0.6,     3.6,     1.5,   18.79,   14.57,    1.09,   26.65,  279.34
 286.,  593.07,   116.45,     0.6,     3.6,     1.5,   19.26,   14.90,    1.14,   27.17,  285.64
 288.,  577.87,   114.36,     0.6,     3.5,     1.5,   18.85,   14.57,    1.11,   26.63,  279.68
 290.,  566.53,   112.52,     0.6,     3.5,     1.5,   18.61,   14.23,    1.10,   26.20,  273.73
 292.,  583.73,   115.95,     0.6,     3.5,     1.5,   18.78,   14.54,    1.10,   26.56,  279.54
 294.,  578.00,   114.78,     0.6,     3.5,     1.5,   19.28,   14.84,    1.09,   26.60,  287.01
 296.,  541.47,   117.29,     0.6,     3.5,     1.5,   18.79,   13.82,    1.08,   25.73,  271.02
 298.,  562.80,   120.57,     0.6,     3.6,     1.5,   19.58,   14.49,    1.12,   26.71,  285.25
 300.,  476.00,   120.05,     0.6,     3.4,     1.5,   18.63,   13.88,    1.06,   25.64,  271.17
 302.,  553.60,   122.79,     0.7,     3.8,     1.6,   19.55,   14.84,    1.11,   27.23,  287.88
 304.,  533.60,   122.79,     0.7,     3.7,     1.5,   19.24,   14.51,    1.09,   26.82,  281.55
 306.,  523.87,   125.20,     0.7,     3.7,     1.6,   19.29,   14.87,    1.10,   27.21,  285.79
 308.,  500.67,   123.98,     0.7,     3.7,     1.5,   18.85,   14.89,    1.09,   27.22,  282.41
 310.,  523.87,   120.22,     0.6,     3.6,     1.4,   18.52,   14.92,    1.12,   27.15,  279.27
 312.,  565.87,   109.43,     0.6,     3.5,     1.4,   18.52,   14.57,    1.16,   26.53,  276.34
 314.,  627.60,   111.10,     0.6,     3.4,     1.5,   19.41,   14.58,    1.19,   26.37,  286.22
 316.,  612.67,   114.82,     0.6,     3.5,     1.5,   18.64,   14.61,    1.15,   26.21,  281.32
 318.,  615.87,   110.94,     0.6,     9.1,     1.5,   18.97,   14.95,    1.15,   25.93,  286.93
 320.,  607.73,   109.45,     0.6,     3.4,     1.4,   18.27,   13.89,    1.10,   25.03,  271.92
 322.,  719.07,   111.54,     0.7,     3.7,     1.4,   19.01,   14.81,    1.13,   26.43,  287.39
 324.,  669.87,   121.41,     0.7,     3.7,     1.5,   19.63,   15.48,    1.14,   27.30,  299.99
 326.,  570.27,   109.80,     0.6,     3.4,     1.3,   17.91,   14.22,    1.03,   24.68,  277.25
 328.,  561.20,   107.10,     0.6,     3.2,     1.3,   17.45,   13.88,    0.99,   23.99,  270.23
 330.,  588.00,   109.42,     0.6,     3.3,     1.4,   17.61,   14.24,    1.01,   24.59,  274.83
 332.,  628.40,   111.30,     0.6,     3.6,     1.3,   18.06,   14.50,    1.05,   25.38,  278.89
 334.,  625.07,   112.08,     0.6,     3.6,     1.4,   18.19,   14.50,    1.06,   25.52,  279.25
 336.,  628.40,   107.82,     0.6,     3.3,     1.3,   17.73,   14.91,    1.01,   25.03,  284.54
 338.,  633.47,   105.66,     0.6,     3.5,     1.3,   17.80,   14.86,    1.02,   25.41,  282.11
 340.,  624.67,   104.35,     0.6,     3.3,     1.2,   17.12,   14.58,    0.97,   24.43,  276.11
 342.,  618.13,    98.09,     0.6,     3.1,     1.1,   16.39,   13.92,    0.93,   23.02,  265.89
 344.,  588.00,   100.72,     0.6,     3.1,     1.2,   16.91,   13.93,    0.94,   23.19,  270.42
 346.,  572.93,   111.06,     0.5,     3.0,     1.2,   16.49,   13.61,    0.95,   22.37,  266.37
 348.,  569.20,    94.84,     0.5,     3.0,     1.2,   16.47,   13.61,    0.94,   22.29,  265.87
 350.,  601.20,    91.88,     0.5,     3.0,     1.2,   16.66,   13.52,    0.93,   22.44,  265.45
 352.,  605.73,    90.83,     0.5,     3.0,     1.1,   16.02,   13.53,    3.00,   21.97,  259.37
 354.,  594.27,    95.09,     0.5,     3.0,     1.1,   15.95,   13.89,    0.93,   22.91,  261.25
 356.,  520.80,    88.45,     0.5,     2.7,     1.0,   14.37,   12.94,    0.83,   21.17,  238.85
 358.,  525.60,    80.89,     0.5,     2.6,     1.0,   13.94,   12.62,    0.79,   20.19,  234.44
 360.,  531.47,    81.28,     0.5,     2.6,     1.0,   14.15,   12.65,    0.81,   20.08,  238.19
 362.,  499.47,    80.69,     0.5,     2.5,     1.0,   14.14,   12.01,    0.79,   19.28,  232.24
 364.,  592.13,    86.02,     0.5,     2.8,     1.1,   16.28,   13.26,    0.88,   20.99,  270.58
 366.,  573.33,    85.96,     0.5,     2.8,     1.1,   15.86,   12.94,    0.87,   20.57,  270.09
 368.,  571.33,    84.72,     0.5,     2.8,     1.1,   15.56,   12.94,    0.85,   20.11,  265.28
 370.,  645.33,    86.66,     0.5,     3.0,     1.1,   16.30,   13.57,    0.89,   20.93,  286.40
 372.,  655.20,    87.95,     0.6,     3.1,     1.2,   16.79,   13.88,    0.91,   21.65,  297.36
 374.,  639.47,   101.35,     0.5,     3.0,     1.1,   16.17,   13.57,    0.89,   20.84,  293.38
 376.,  589.33,    85.62,     0.5,     2.9,     1.1,   15.59,   13.27,    0.86,   20.11,  278.32
 378.,  581.60,    88.73,     0.5,     2.8,     1.1,   15.63,   13.29,    0.85,   20.11,  275.19
 380.,  590.67,    83.82,     0.5,     2.8,     1.0,   15.13,   12.93,    0.82,   19.42,  268.55
 382.,  466.00,    79.68,     0.4,     2.5,     0.9,   13.29,   11.35,    0.76,   17.24,  233.70
 384.,  521.33,    87.57,     0.5,     2.6,     1.0,   14.60,   12.34,    0.82,   18.85,  252.77
 386.,  551.87,    89.62,     0.5,     2.7,     1.0,   14.90,   12.67,    0.84,   19.23,  257.60
 388.,  497.47,    92.78,     0.5,     2.6,     1.0,   14.40,   12.32,    0.81,   18.92,  245.17
 390.,  518.00,    93.92,     0.5,     2.6,     1.0,   14.63,   12.33,    0.83,   19.08,  246.70
 392.,  546.53,    93.65,     0.5,     2.7,     1.0,   14.98,   12.66,    0.84,   19.26,  260.85
 394.,  510.80,    97.31,     0.5,     2.7,     1.0,   14.69,   12.33,    0.82,   19.03,  257.20
 396.,  511.33,    98.83,     0.5,     2.8,     1.0,   15.03,   12.66,    0.84,   19.50,  262.52
 398.,  533.07,    98.76,     0.5,     2.8,     1.0,   15.46,   12.96,    0.87,   20.04,  262.68
 400.,  550.13,    99.70,     0.5,     2.8,     1.1,   15.69,   12.94,    0.86,   20.13,  267.82
 402.,  561.60,   100.21,     0.5,     2.9,     1.1,   15.47,   12.95,    0.85,   19.96,  270.32
 404.,  538.80,    98.01,     0.5,     2.7,     1.0,   14.70,   12.29,    0.81,   19.03,  256.32
 406.,  547.47,    98.90,     0.5,     2.8,     1.0,   15.05,   12.58,    0.81,   19.37,  266.54
 408.,  564.27,   101.68,     0.5,     2.9,     1.1,   15.69,   13.26,    0.85,   20.31,  277.69
 410.,  534.40,   104.94,     0.5,     2.9,     1.1,   15.56,   13.31,    0.85,   20.34,  268.62
 412.,  585.60,   104.36,     0.6,     3.0,     1.1,   16.37,   13.92,    0.88,   21.04,  288.82
 414.,  638.93,   104.09,     0.6,     3.1,     1.1,   16.64,   14.21,    0.88,   21.33,  298.31
 416.,  637.73,   118.12,     0.6,     3.6,     1.3,   18.14,   14.82,    0.97,   23.16,  309.63
 418.,  649.07,   126.16,     0.6,     3.7,     1.4,   18.84,   15.53,    1.02,   28.51,  320.35
 420.,  668.40,   125.35,     0.6,     3.7,     1.4,   18.78,   15.51,    1.01,   23.97,  319.48
 422.,  712.40,   137.69,     0.7,     3.9,     1.4,   19.86,   16.55,    1.08,   25.56,  339.97
 424.,  655.73,   133.59,     0.7,     3.8,     1.4,   19.03,   15.92,    1.05,   24.54,  326.29
 426.,  669.33,   135.28,     0.7,     3.8,     1.4,   19.47,   16.28,    1.09,   25.06,  333.64
 428.,  736.13,   136.81,     0.7,     3.9,     1.5,   20.09,   16.93,    1.11,   25.73,  347.44
 430.,  705.07,   132.57,     0.7,     3.9,     1.4,   19.62,   16.57,    1.09,   25.14,  342.67
 432.,  721.20,   132.59,     0.7,     3.8,     1.4,   19.62,   16.58,    1.08,   25.06,  344.97
 434.,  698.13,   130.34,     0.7,     3.7,     1.4,   19.37,   16.22,    1.06,   24.67,  337.90
 436.,  649.47,   128.78,     0.6,     3.6,     1.3,   18.68,   15.56,    1.03,   23.92,  322.50
 438.,  657.20,   141.89,     0.7,     3.9,     1.5,   19.72,   15.87,    1.11,   25.20,  327.75
 440.,  651.07,   143.06,     0.7,     3.9,     1.5,   19.73,   15.89,    1.11,   25.21,  328.17
 442.,  612.80,   135.24,     0.6,     3.7,     1.4,   18.87,   15.24,    1.06,   24.18,  310.82
 444.,  675.47,   140.03,     0.7,     3.9,     1.4,   19.49,   15.87,    1.09,   25.02,  322.29
 446.,  685.87,   139.40,     1.1,     4.0,     1.4,   19.40,   15.87,    1.10,   24.66,  320.63
 448.,  648.27,   144.20,     0.7,     3.9,     1.4,   19.70,   15.92,    1.10,   25.18,  328.96
 450.,  640.53,   140.83,     0.7,     3.8,     1.4,   19.36,   15.56,    1.07,   24.68,  323.39
 452.,  601.33,   125.69,     0.6,     3.4,     1.2,   17.42,   14.64,    0.96,   22.50,  298.41
 454.,  594.93,   124.88,     0.6,     3.4,     1.2,   17.44,   14.65,    0.97,   22.41,  302.86
 456.,  611.33,   129.87,     0.6,     3.4,     1.2,   17.77,   15.01,    0.99,   22.92,  309.67
 458.,  598.40,   129.07,     0.6,     3.5,     1.2,   17.57,   15.03,    0.99,   22.84,  317.45
 460.,  577.87,   124.74,     0.6,     3.3,     1.2,   16.91,   14.38,    0.96,   21.82,  292.48
 462.,  520.80,   114.24,     0.5,     2.9,     1.0,   15.46,   13.81,    0.87,   20.15,  279.16
 464.,  507.60,   124.33,     0.6,     3.1,     1.1,   16.03,   13.81,    0.92,   20.79,  279.05
 466.,  482.80,   117.87,     0.5,     2.9,     1.0,   15.35,   13.89,    0.87,   20.07,  277.68
 468.,  497.33,   106.28,     0.5,     2.7,     0.9,   14.44,   13.18,    0.83,   18.74,  264.17
 470.,  477.87,   102.64,     1.0,     2.7,     9.3,   14.41,   13.18,    0.81,   18.19,  258.11
 472.,  474.13,   119.19,     0.5,     2.9,     1.1,   15.81,   13.86,    0.90,   20.62,  277.57
 474.,  517.07,   116.65,     1.5,     3.0,     1.1,   15.97,   14.11,    0.93,   20.83,  283.13
 476.,  494.93,   105.98,     0.5,     2.8,     1.0,   14.84,   13.11,    0.84,   19.26,  262.71
 478.,  540.27,   119.37,     0.6,     3.1,     1.0,   16.18,   14.15,    0.91,   20.96,  286.50
 480.,  537.33,   119.33,     0.6,     3.0,     1.0,   16.04,   13.80,    0.90,   20.78,  281.58
 482.,  549.73,   119.61,     0.6,     3.1,     1.1,   16.40,   14.09,    0.91,   21.19,  289.88
 484.,  563.20,   122.22,     0.6,     3.2,     1.1,   16.65,   14.41,    0.92,   21.59,  296.35
 486.,  487.73,   114.47,     0.5,     2.9,     1.0,   15.16,   13.10,    0.83,   19.74,  265.38
 488.,  482.40,   114.71,     0.5,     2.9,     1.0,   14.93,   13.12,    0.83,   19.72,  258.53
 490.,  524.27,   122.81,    16.6,     3.1,     1.0,   16.01,   14.09,    0.88,   21.33,  268.53
 492.,  512.67,   123.85,     0.6,     3.0,     1.0,   16.07,   14.10,    0.88,   21.41,  274.99
 494.,  470.80,   115.58,     0.5,     2.9,     0.9,   15.05,   13.09,    0.81,   19.87,  257.50
 496.,  456.53,   115.80,     0.5,     2.8,     1.0,   15.04,   12.74,    0.80,   19.61,  256.00
 498.,  502.53,   119.54,     0.6,     3.0,     1.0,   15.78,   13.43,    0.85,   20.56,  272.50
 500.,  560.80,   120.16,     0.6,     3.2,     1.0,   16.49,   14.06,    0.91,   21.52,  285.81
   0.,  177.19,     0.11,     0.0,     0.0,     0.1,    8.66,    2.34,    0.18,    7.62,   70.01
   0.,  298.08,     0.22,     0.1,     0.3,     0.1,    7.99,    2.34,    0.18,    7.36,   70.07
   0.,  360.52,     0.31,     0.1,     0.7,     0.1,    4.74,    2.33,    0.14,    7.15,   49.38
   0.,  356.44,     0.35,     0.1,     0.8,     0.1,    4.65,    2.36,    0.14,    7.09,   49.57
   8.,  346.47,     0.40,     0.1,     0.7,     0.1,    4.71,    2.36,    0.15,    6.93,   50.55
  10.,  334.69,     0.47,     0.1,     0.7,     0.2,    4.45,    2.37,    0.14,    6.82,   49.17
  12.,  317.88,     0.54,     0.1,     0.7,     0.2,    4.22,    2.36,    0.14,    6.66,   47.71
  14.,  311.69,     0.62,     0.1,     0.7,     0.2,    4.11,    2.36,    0.14,    6.57,   47.19
  16.,  307.03,     0.73,     0.1,     0.7,     0.2,    4.09,    2.42,    0.14,    6.62,   47.66
  18.,  308.04,     0.85,     0.1,     0.7,     0.2,    4.04,    2.46,    0.14,    6.63,   47.73
  20.,  297.50,     0.96,     0.1,     0.7,     0.2,    3.92,    2.44,    0.14,    6.50,   46.77
  22.,  293.22,     1.11,     0.1,     0.7,     0.2,    3.94,    2.49,    0.14,    6.55,   47.55
  24.,  288.63,     1.29,     0.1,     0.7,     0.2,    3.96,    2.54,    0.14,    6.58,   48.34
  26.,  281.48,     1.49,     0.1,     0.7,     0.2,    3.99,    2.57,    0.15,    6.55,   49.15
  28.,  277.18,     1.69,     0.1,     0.7,     0.2,    4.03,    2.62,    0.15,    6.55,   50.23
  30.,  272.73,     1.91,     0.1,     0.7,     0.3,    3.92,    2.62,    0.15,    6.50,   49.55
  32.,  261.56,     2.13,     0.1,     0.7,     0.3,    3.80,    2.66,    0.15,    6.52,   48.72
  34.,  256.13,     2.39,     0.1,     0.7,     0.3,    3.80,    2.70,    0.15,    6.55,   49.00
  36.,  251.32,     2.61,     0.1,     0.7,     0.3,    3.72,    2.71,    0.15,    6.52,   48.46
  38.,  249.62,     2.79,     0.1,     0.7,     0.3,    3.68,    2.75,    0.15,    6.60,   48.15
  40.,  245.92,     2.95,     0.1,     0.7,     0.3,    3.59,    2.76,    0.15,    6.58,   47.39
  42.,  235.38,     3.18,     0.1,     0.7,     0.3,    3.61,    2.78,    0.15,    6.56,   47.79
  44.,  230.03,     3.40,     0.1,     0.7,     0.3,    3.74,    2.78,    0.16,    6.48,   49.59
  46.,  220.93,     3.57,     0.1,     0.7,     0.3,    3.54,    2.76,    0.15,    6.41,   47.69
  48.,  217.94,     3.85,     0.1,     0.7,     0.3,    3.58,    2.81,    0.16,    6.50,   48.16
  50.,  215.92,     4.05,     0.1,     0.7,     0.3,    3.64,    2.80,    0.16,    6.43,   48.81
  52.,  207.39,     4.24,     0.1,     0.7,     0.3,    3.56,    2.84,    0.16,    6.41,   48.41
  54.,  206.19,     4.50,     0.1,     0.7,     0.3,    3.56,    2.85,    0.16,    6.49,   48.36
  56.,  200.50,     4.69,     0.1,     0.7,     0.3,    3.60,    2.87,    0.16,    6.48,   49.06
  58.,  201.42,     5.09,     0.1,     0.7,     0.3,    3.61,    2.92,    0.16,    6.56,   49.40
  60.,  197.96,     5.39,     0.1,     0.7,     0.3,    3.54,    2.92,    0.16,    6.59,   48.62
  62.,  201.48,     5.66,     0.1,     0.7,     0.3,    3.54,   51.01,    0.16,    6.69,   48.60
  64.,  202.16,     6.07,     0.1,     0.7,     0.3,    3.60,    3.01,    0.17,    6.80,   49.18
  66.,  198.41,     6.19,     0.1,     0.7,     0.3,    3.54,    3.01,    0.17,    6.82,   48.57
  68.,  194.22,     6.39,     0.1,     0.7,     0.3,    3.45,    3.02,    0.16,    6.78,   47.60
  70.,  192.90,     6.64,     0.1,     0.7,     0.3,    3.48,    3.03,    0.16,    6.81,   48.01
  72.,  202.37,     7.05,     0.1,     0.7,     0.3,    3.58,    3.05,    0.17,    6.94,   48.75
  74.,  202.74,     7.38,     0.1,     0.8,     0.4,    3.64,    3.06,    0.17,    6.95,   49.35
  76.,  198.90,     7.81,     0.1,     0.8,     0.4,    3.68,    3.07,    0.18,    7.01,   49.71
  78.,  197.96,     8.18,     0.1,     0.8,     0.4,    3.70,    3.09,    0.18,    7.06,   49.94
  80.,  195.38,     8.48,     0.1,     0.8,     0.4,    3.69,    3.09,    0.18,    7.06,   49.77
  82.,  187.61,     8.61,     0.1,     0.8,     0.4,    3.54,    3.08,    0.18,    7.02,   48.20
  84.,  188.37,     8.94,     0.1,     0.8,     0.4,    3.49,    3.10,    0.18,    7.09,   47.45
  86.,  180.73,     9.15,     0.1,     0.8,     0.3,    3.42,    3.11,    0.18,    7.13,   46.58
  88.,  179.46,     9.68,     0.1,     0.8,     0.4,    3.48,    3.13,    0.18,    7.23,   47.12
  90.,  176.99,     9.94,     0.1,     0.8,     0.4,    3.57,    3.16,    0.18,    7.27,   48.14
  92.,  177.57,    10.25,     0.1,     0.8,     0.4,    3.76,    3.16,    0.19,    7.27,   50.28
  94.,  172.12,    10.71,     0.1,     0.8,     0.4,    4.15,    3.17,    0.21,    7.24,   54.36
  96.,  172.50,    11.28,     0.1,     0.8,     0.5,    4.35,    3.20,    0.21,    7.21,   56.76
  98.,  172.21,    11.59,     0.1,     0.8,     0.4,    4.16,    3.21,    0.21,    7.18,   55.31
 100.,  182.00,    11.84,     0.1,     0.8,     0.5,    4.36,    3.21,    0.22,    7.11,   57.39
 102.,  177.22,    12.25,     0.1,     0.8,     0.5,    4.44,    3.21,    0.22,    7.03,   58.51
 104.,  184.75,    12.86,     0.1,     0.8,     0.5,    4.42,    3.22,    0.22,    6.99,   58.68
 106.,  181.27,    13.42,     0.1,     0.8,     0.5,    4.16,    3.22,    0.22,    6.97,   56.43
 108.,  171.76,    13.62,     0.1,     0.8,     0.5,    4.09,    3.23,    0.22,    6.95,   55.97
 110.,  170.38,    14.01,     0.1,     0.8,     0.5,    4.17,    3.24,    0.22,    6.89,   56.95
 112.,  174.86,    14.48,     0.1,     0.8,     0.5,    4.15,    3.24,    0.22,    6.88,   56.82
 114.,  172.23,    14.58,     0.1,     0.8,     0.5,    4.08,    3.24,    0.22,    6.84,   56.42
 116.,  178.18,    14.98,     0.1,     0.8,     0.4,    3.99,    3.23,    0.22,    6.82,   55.53
 118.,  173.85,    15.23,     0.1,     0.8,     0.4,    3.86,    3.24,    0.22,    6.85,   54.09
 120.,  178.63,    15.22,     0.1,     0.8,     0.4,    3.92,    3.25,    0.22,    6.85,   54.68
 122.,  179.63,    15.63,     0.1,     0.8,     0.5,    4.12,    3.25,    0.22,    6.84,   56.76
 124.,  181.63,    15.60,     0.1,     0.8,     0.5,    4.16,    3.25,    0.23,    6.80,   57.35
 126.,  179.43,    16.04,     0.1,     0.8,     0.5,    4.09,    3.25,    0.23,    6.78,   56.88
 128.,  179.70,    16.31,     0.1,     0.8,     0.4,    3.93,    3.25,    0.22,    6.77,   55.32
 130.,  178.06,    16.65,     0.1,     0.8,     0.4,    4.10,    3.25,    0.23,    6.76,   56.86
 132.,  176.10,    16.94,     0.1,     0.8,     0.5,    4.12,    3.25,    0.23,    6.70,   57.39
 134.,  173.56,    17.21,     0.1,     0.8,     0.5,    4.08,    3.26,    0.23,    6.68,   57.22
 136.,  176.38,    17.72,     0.1,     0.8,     0.5,    4.11,    3.26,    0.23,    6.68,   57.46
 138.,  172.01,    17.95,     0.1,     0.8,     0.5,    4.02,    3.26,    0.23,    6.67,   56.76
 140.,  175.65,    18.03,     0.1,     0.8,     0.4,    3.86,    3.25,    0.22,    6.64,   55.09
 142.,  173.79,    18.23,     0.1,     0.8,     0.5,    4.03,    3.25,    0.23,    6.65,   56.72
 144.,  176.51,    18.66,     0.1,     0.8,     0.5,    4.04,    3.25,    0.23,    6.63,   57.03
 146.,  179.83,    18.50,     0.1,     0.8,     0.5,    3.96,    3.23,    0.23,    6.63,   56.05
 148.,  174.89,    18.85,     0.1,     0.8,     0.4,    3.90,    3.23,    0.23,    6.64,   55.38
 150.,  173.59,    18.38,     0.1,     0.8,     0.4,    3.87,    3.26,    0.23,    6.63,   55.52
 152.,  172.96,    18.77,     0.1,     0.8,     0.4,    3.84,    3.23,    0.23,    6.60,   54.92
 154.,  170.51,    18.92,     0.1,     0.8,     0.4,    3.85,    3.26,    0.23,    6.66,   55.19
 156.,  168.62,    19.84,     0.1,     0.8,     0.4,    3.91,    3.25,    0.23,    6.73,   55.27
 158.,  167.07,    19.98,     0.1,     0.8,     0.4,    3.94,    3.26,    0.23,    6.74,   55.57
 160.,  168.74,    20.61,     0.1,     0.8,     0.4,    4.00,    3.26,    0.23,    6.76,   56.18
 162.,  162.54,    20.46,     0.1,     0.8,     0.4,    4.06,    3.25,    0.23,    6.72,   56.98
 164.,  168.13,    21.19,     0.1,     0.8,     0.4,    4.12,    3.26,    0.24,    6.77,   57.40
 166.,  165.74,    21.13,     0.1,     0.8,     0.4,    3.98,    3.24,    0.23,    6.75,   56.25
 168.,  163.87,    20.21,     0.1,     0.8,     0.4,    3.94,    3.24,    0.23,    6.72,   55.71
 170.,  169.96,    20.45,     0.1,     0.8,     0.4,    3.97,    3.24,    0.23,    6.73,   55.89
 172.,  162.25,    21.29,     0.1,     0.8,     0.4,    3.94,    3.24,    0.23,    6.80,   55.12
 174.,  170.82,    21.06,     0.1,     0.8,     0.4,    3.85,    3.25,    0.23,    6.78,   54.48
 176.,  168.09,    20.64,     0.1,     0.8,     0.4,    3.79,    3.24,    0.22,    6.74,   53.76
 178.,  162.80,    21.44,     0.1,     0.8,     0.4,    4.02,    3.23,    0.23,    6.79,   55.75
 180.,  168.05,    21.60,     0.1,     0.8,     0.4,    4.06,    3.23,    0.23,    6.78,   56.31
 182.,  153.45,    20.77,     0.1,     0.8,     0.4,    3.86,    3.23,    0.23,    6.69,   54.78
 184.,  157.39,    20.56,     0.1,     0.8,     0.4,    3.98,    3.22,    0.23,    6.63,   56.08
 186.,  157.96,    21.00,     0.1,     0.8,     0.4,    4.02,    3.21,    0.23,    6.66,   56.01
 188.,  156.72,    21.38,     0.1,     0.8,     0.4,    3.94,    3.23,    0.23,    6.71,   55.38
 190.,  162.11,    21.80,     0.1,     0.8,     0.4,    4.06,    3.22,    0.24,    6.73,   56.29
 192.,  165.24,    22.33,     0.1,     0.8,     0.4,    4.04,    3.22,    0.23,    6.69,   56.38
 194.,  161.46,    22.61,     0.1,     0.8,     0.4,    4.01,    3.22,    0.23,    6.67,   56.07
 196.,  156.31,    22.79,     0.1,     0.8,     0.4,    3.92,    3.19,    0.23,    6.69,   54.73
 198.,  178.61,    23.05,     0.1,     0.8,     0.4,    5.48,    3.23,    0.23,    6.77,   55.45
 200.,  159.59,    23.81,     0.1,     0.8,     0.4,    4.02,    3.23,    0.24,    6.89,   55.46
 202.,  158.94,    23.90,     0.1,     0.8,     0.4,    3.92,    3.23,    0.24,    6.89,   54.51
 204.,  161.82,    23.59,     0.1,     0.8,     0.4,    3.91,    3.22,    0.23,    6.87,   54.39
 206.,  184.73,    23.77,     0.1,     0.8,     0.4,    3.97,    3.21,    0.23,    6.85,   54.88
 208.,  169.64,    24.66,     0.1,     0.8,     0.4,    4.09,    3.21,    0.24,    6.93,   55.76
 210.,  172.44,    24.87,     0.1,     0.8,     0.4,    4.15,    3.21,    0.24,    6.93,   56.37
 212.,  164.95,    25.01,     0.1,     0.8,     0.4,    4.18,    3.20,    0.24,    6.91,   56.53
 214.,  172.22,    25.31,     0.1,     0.8,     0.4,    4.20,    3.22,    0.24,    6.98,   56.52
 216.,  170.96,    25.28,     0.1,     0.8,     0.4,    4.10,    3.22,    0.24,    6.96,   55.88
 218.,  170.50,    25.11,     0.1,     0.8,     0.4,    3.99,    3.22,    0.24,    6.99,   54.75
 220.,  168.68,    25.14,     0.1,     0.8,     0.3,    3.92,    3.22,    0.24,    6.99,   53.79
 222.,  163.43,    23.95,     0.1,     0.8,     0.3,    3.94,    3.21,    0.23,    7.04,   53.38
 224.,  161.59,    24.94,     0.1,     0.8,     0.3,    4.04,    3.20,    0.25,    7.12,   53.71
 226.,  167.74,    27.55,     0.1,     0.9,     0.4,    4.32,    3.20,    0.26,    7.28,   55.60
 228.,  173.11,    27.68,     0.1,     0.9,     0.4,    4.66,    3.21,    0.27,    7.22,   59.00
 230.,  175.15,    27.57,     0.1,     0.9,     0.4,    5.17,    3.20,    0.28,    7.11,   63.42
 232.,  170.33,    28.16,     0.1,     0.9,     0.4,    4.95,    3.19,    0.27,    7.03,   61.89
 234.,  173.08,    28.25,     0.1,     0.9,     0.4,    4.94,    3.19,    0.27,    6.97,   62.24
 236.,  174.55,    28.43,     0.1,     0.9,     0.4,    5.13,    3.19,    0.28,    6.89,   64.07
 238.,  183.67,    29.04,     0.2,     0.9,     0.4,    5.11,    3.20,    0.28,    6.81,   64.69
 240.,  178.14,    30.01,     0.2,     0.9,     0.4,    4.98,    3.20,    0.27,    6.78,   63.73
 242.,  173.95,    29.75,     0.1,     0.9,     0.4,    4.65,    3.21,    0.27,    6.67,   61.82
 244.,  176.54,    30.15,     0.2,     0.9,     0.4,    4.77,    3.21,    0.26,    6.62,   62.72
 246.,  166.96,    31.06,     0.2,     0.9,     0.4,    4.77,    3.22,    0.27,    6.61,   62.94
 248.,  171.20,    31.40,     0.2,     0.9,     0.4,    4.68,    3.22,    0.26,    6.54,   62.44
 250.,  174.45,    30.93,     0.2,     0.9,     0.4,    4.53,    3.21,    0.26,    6.49,   61.65
 252.,  166.65,    31.63,     1.1,     0.9,    62.0,    4.42,    3.21,    0.26,    6.50,   60.47
 254.,  158.89,    31.15,     0.1,     0.9,     0.3,    4.26,    3.20,    0.25,    6.44,   59.14
 256.,  162.92,    31.42,     0.1,     0.9,     0.4,    4.47,    3.20,    0.26,    6.41,   61.08
 258.,  161.86,    31.98,     0.2,     0.9,     0.4,    4.65,    3.20,    0.26,    6.43,   62.51
 260.,  163.19,    32.01,     0.2,     0.9,     0.4,    4.65,    3.20,    0.26,    6.34,   62.94
 262.,  177.36,    30.30,     0.1,     0.9,     0.4,    4.40,    3.23,    0.25,    6.21,   62.00
 264.,  161.52,    30.96,     0.1,     0.9,     0.4,    4.34,    3.22,    0.26,    6.20,   61.56
 266.,  154.61,    31.13,     0.1,     0.9,     0.4,    4.47,    3.22,    0.26,    6.18,   62.97
 268.,  155.99,    30.84,     0.1,     0.8,     0.4,    4.41,    3.22,    0.26,    6.09,   62.87
 270.,  153.27,    30.58,     0.1,     0.8,     0.4,    4.39,    3.22,    0.25,    6.04,   62.91
 272.,  157.48,    30.70,     0.1,     0.8,     0.4,    4.42,    3.22,    0.25,    6.03,   63.62
 274.,  167.66,    30.43,     0.1,     0.8,     0.4,    4.23,    3.23,    0.25,    6.00,   62.04
 276.,  167.21,    31.01,     0.1,     0.8,     0.4,    4.36,    3.22,    0.25,    6.16,   61.88
 278.,  168.04,    31.22,     0.1,     0.9,     0.4,    4.48,    3.23,    0.25,    6.15,   63.64
 280.,  168.26,    31.11,     0.1,     0.8,     0.4,    4.36,    3.23,    0.25,    6.03,   63.00
 282.,  172.82,    31.12,     0.1,     0.8,     0.4,    4.29,    3.23,    0.25,    6.04,   62.33
 284.,  176.77,    31.13,     0.1,     0.8,     0.4,    4.24,    3.23,    0.25,    6.04,   61.85
 286.,  178.93,    31.24,     0.1,     0.8,     0.4,    4.25,    3.23,    0.26,    6.02,   61.86
 288.,  180.14,    31.30,     0.1,     0.8,     0.4,    4.26,    3.23,    0.26,    6.04,   61.92
 290.,  182.01,    31.51,     0.1,     0.8,     0.4,    4.30,    3.23,    0.26,    6.07,   61.97
 292.,  184.09,    31.79,     0.1,     0.8,     0.4,    4.25,    3.23,    0.26,    6.05,   61.89
 294.,  185.16,    32.08,     0.1,     0.8,     0.4,    4.27,    3.22,    0.25,    6.06,   62.15
 296.,  185.70,    35.08,     0.2,     0.9,     0.4,    4.53,    3.21,    0.26,    6.18,   62.73
 298.,  179.65,    35.14,     0.2,     0.9,     0.4,    4.52,    3.22,    0.26,    6.15,   63.15
 300.,  152.32,    35.35,     0.1,     0.9,     0.4,    4.50,    3.22,    0.26,    6.18,   62.77
 302.,  164.07,    35.62,     0.2,     0.9,     0.4,    4.47,    3.22,    0.26,    6.22,   62.33
 304.,  163.63,    36.15,     0.2,     1.0,     0.4,    4.50,    3.22,    0.26,    6.26,   62.33
 306.,  154.07,    35.93,     0.2,     0.9,     0.4,    4.42,    3.23,    0.25,    6.22,   61.88
 308.,  149.42,    35.29,     0.1,     0.9,     0.3,    4.29,    3.23,    0.25,    6.22,   61.15
 310.,  158.72,    33.25,     0.1,     0.9,     0.3,    4.22,    3.24,    0.27,    6.21,   60.47
 312.,  176.19,    31.33,     0.1,     0.9,     0.3,    4.31,    3.24,    0.31,    6.19,   61.18
 314.,  208.21,    31.75,     0.1,     0.8,     0.4,    4.52,    3.24,    0.31,    6.15,   63.36
 316.,  216.12,    32.41,     0.1,     0.9,     0.4,    4.33,    3.25,    0.30,    6.10,   62.28
 318.,  219.97,    31.99,     0.1,    11.4,     0.4,    4.30,    3.25,    0.29,    6.05,   62.13
 320.,  227.45,    32.59,     0.1,     0.9,     0.4,    4.43,    3.22,    0.29,    6.09,   62.94
 322.,  246.99,    32.13,     0.1,     0.9,     0.3,    4.31,    3.22,    0.28,    6.03,   62.24
 324.,  196.70,    32.89,     0.1,     0.8,     0.3,    4.23,    3.22,    0.25,    5.96,   62.14
 326.,  180.15,    32.35,     0.1,     0.8,     0.3,    4.21,    3.23,    0.24,    5.87,   62.77
 328.,  177.00,    32.37,     0.1,     0.8,     0.3,    4.19,    3.22,    0.24,    5.84,   62.55
 330.,  182.70,    32.50,     0.1,     0.8,     0.3,    4.14,    3.23,    0.24,    5.86,   62.22
 332.,  228.27,    32.65,     0.1,     0.9,     0.3,    4.21,    3.22,    0.26,    5.96,   61.75
 334.,  221.79,    32.33,     0.1,     0.9,     0.4,    4.23,    3.22,    0.26,    5.98,   61.83
 336.,  184.31,    31.54,     0.1,     0.8,     0.3,    3.93,    3.24,    0.23,    5.66,   61.62
 338.,  183.75,    30.91,     0.1,     0.8,     0.3,    4.01,    3.23,    0.24,    5.82,   61.10
 340.,  187.42,    31.17,     0.1,     0.7,     0.3,    3.89,    3.24,    0.23,    5.64,   61.14
 342.,  188.19,    30.33,     0.1,     0.8,     0.3,    3.88,    3.23,    0.23,    5.55,   61.55
 344.,  178.85,    30.56,     0.1,     0.8,     0.3,    4.02,    3.23,    0.23,    5.60,   62.60
 346.,  173.12,    42.74,     0.1,     0.7,     0.3,    4.01,    3.23,    0.25,    5.52,   62.78
 348.,  174.85,    29.64,     0.1,     0.7,     0.3,    4.00,    3.23,    0.24,    5.50,   62.94
 350.,  183.62,    29.22,     0.1,     0.7,     0.3,    4.04,    3.21,    0.24,    5.53,   62.84
 352.,  186.41,    28.75,     0.1,     0.7,     0.3,    3.89,    3.21,    4.28,    5.52,   61.40
 354.,  186.34,    29.54,     0.1,     0.7,     0.3,    3.79,    3.22,    0.23,    5.52,   60.48
 356.,  170.01,    29.57,     0.1,     0.7,     0.3,    3.64,    3.21,    0.22,    5.46,   59.14
 358.,  174.62,    28.15,     0.1,     0.7,     0.3,    3.61,    3.20,    0.21,    5.33,   59.39
 360.,  175.13,    28.29,     0.1,     0.7,     0.3,    3.65,    3.21,    0.22,    5.29,   60.33
 362.,  168.90,    28.47,     0.1,     0.7,     0.3,    3.81,    3.19,    0.22,    5.28,   61.59
 364.,  184.04,    28.72,     0.1,     0.7,     0.3,    4.02,    3.22,    0.23,    5.28,   65.50
 366.,  181.77,    28.74,     0.1,     0.7,     0.3,    3.99,    3.21,    0.23,    5.26,   66.88
 368.,  183.22,    28.82,     0.1,     0.7,     0.3,    3.92,    3.21,    0.22,    5.17,   65.69
 370.,  194.21,    28.84,     0.1,     0.7,     0.3,    3.93,    3.22,    0.22,    5.15,   67.79
 372.,  192.47,    28.82,     0.1,     0.7,     0.3,    3.97,    3.22,    0.22,    5.20,   68.84
 374.,  194.08,    40.44,     0.1,     0.7,     0.3,    3.90,    3.22,    0.22,    5.12,   69.14
 376.,  186.03,    29.03,     0.1,     0.7,     0.3,    3.83,    3.22,    0.22,    5.04,   67.38
 378.,  186.97,    29.95,     0.1,     0.7,     0.3,    3.85,    3.22,    0.22,    5.05,   66.63
 380.,  192.59,    28.81,     0.1,     0.7,     0.3,    3.81,    3.21,    0.21,    4.99,   66.50
 382.,  171.36,    28.51,     0.1,     0.7,     0.3,    3.75,    3.16,    0.22,    4.94,   64.94
 384.,  187.63,    29.78,     0.1,     0.7,     0.3,    3.84,    3.20,    0.22,    5.05,   65.50
 386.,  189.76,    30.52,     0.1,     0.7,     0.3,    3.84,    3.22,    0.23,    5.05,   65.25
 388.,  177.07,    31.34,     0.1,     0.7,     0.3,    3.80,    3.20,    0.22,    5.08,   63.53
 390.,  185.96,    31.31,     0.1,     0.7,     0.3,    3.85,    3.20,    0.22,    5.10,   63.93
 392.,  185.93,    30.66,     0.1,     0.7,     0.3,    3.85,    3.21,    0.22,    5.03,   66.07
 394.,  179.90,    32.05,     0.1,     0.7,     0.3,    3.85,    3.20,    0.22,    5.07,   66.65
 396.,  174.66,    31.80,     0.1,     0.7,     0.3,    3.85,    3.21,    0.22,    5.08,   66.50
 398.,  177.06,    31.66,     0.1,     0.7,     0.3,    3.89,    3.22,    0.22,    5.11,   65.04
 400.,  181.45,    31.98,     0.1,     0.7,     0.3,    3.96,    3.21,    0.22,    5.15,   66.31
 402.,  184.05,    32.21,     0.1,     0.7,     0.3,    3.90,    3.21,    0.22,    5.11,   66.93
 404.,  188.01,    32.45,     0.1,     0.7,     0.3,    3.87,    3.19,    0.22,    5.08,   66.42
 406.,  184.37,    32.77,     0.1,     0.7,     0.3,    3.89,    3.19,    0.21,    5.09,   67.53
 408.,  180.47,    32.68,     0.1,     0.7,     0.3,    3.87,    3.22,    0.21,    5.10,   67.24
 410.,  181.84,    33.52,     0.1,     0.7,     0.3,    3.84,    3.23,    0.21,    5.10,   65.04
 412.,  185.54,    33.05,     0.1,     0.7,     0.3,    3.86,    3.23,    0.21,    5.05,   66.87
 414.,  190.29,    32.66,     0.1,     0.7,     0.3,    3.84,    3.22,    0.21,    5.01,   67.55
 416.,  187.35,    36.38,     0.1,     0.9,     0.4,    4.24,    3.22,    0.23,    5.40,   67.06
 418.,  184.72,    37.00,     0.1,     0.9,     0.4,    4.21,    3.23,    0.23,    9.89,   66.37
 420.,  189.98,    37.19,     0.1,     0.9,     0.4,    4.20,    3.22,    0.23,    5.35,   66.19
 422.,  198.21,    38.22,     0.1,     0.9,     0.4,    4.15,    3.22,    0.23,    5.33,   65.88
 424.,  179.79,    38.05,     0.1,     0.9,     0.4,    4.15,    3.23,    0.23,    5.34,   66.11
 426.,  183.06,    37.59,     0.1,     0.9,     0.4,    4.15,    3.23,    0.24,    5.33,   66.11
 428.,  191.69,    37.83,     0.1,     0.9,     0.4,    4.11,    3.21,    0.23,    5.25,   65.82
 430.,  183.97,    37.44,     0.1,     0.9,     0.4,    4.09,    3.22,    0.24,    5.24,   66.40
 432.,  190.93,    37.38,     0.1,     0.9,     0.4,    4.09,    3.22,    0.23,    5.23,   66.84
 434.,  188.11,    37.60,     0.1,     0.9,     0.4,    4.13,    3.22,    0.24,    5.27,   66.95
 436.,  182.68,    37.50,     0.1,     0.9,     0.4,    4.15,    3.23,    0.24,    5.32,   66.81
 438.,  180.01,    41.66,     0.1,     1.1,     0.5,    4.42,    3.23,    0.26,    5.57,   66.40
 440.,  174.80,    41.78,     0.1,     1.1,     0.5,    4.41,    3.23,    0.26,    5.55,   66.49
 442.,  172.29,    41.74,     0.1,     1.1,     0.5,    4.42,    3.24,    0.26,    5.58,   65.84
 444.,  181.52,    42.00,     0.1,     1.1,     0.5,    4.38,    3.23,    0.25,    5.54,   65.30
 446.,  187.07,    42.16,     1.0,     1.1,     0.4,    4.35,    3.23,    0.26,    5.55,   64.97
 448.,  171.56,    42.76,     0.1,     1.1,     0.4,    4.42,    3.24,    0.26,    5.56,   66.65
 450.,  172.50,    42.85,     0.1,     1.1,     0.4,    4.44,    3.23,    0.26,    5.58,   66.99
 452.,  173.85,    38.03,     0.1,     0.9,     0.4,    4.12,    3.25,    0.24,    5.31,   66.09
 454.,  172.02,    38.24,     0.1,     0.9,     0.4,    4.12,    3.25,    0.24,    5.28,   67.08
 456.,  178.24,    38.93,     0.1,     0.9,     0.4,    4.11,    3.26,    0.24,    5.28,   67.08
 458.,  172.66,    38.96,     0.1,     0.9,     0.4,    4.07,    3.26,    0.24,    5.26,   68.57
 460.,  172.71,    38.87,     0.1,     0.9,     0.4,    4.09,    3.26,    0.24,    5.24,   66.23
 462.,  159.22,    35.02,     0.1,     0.7,     0.3,    3.72,    3.27,    0.21,    4.91,   66.09
 464.,  151.48,    39.22,     0.1,     0.9,     0.3,    4.05,    3.28,    0.24,    5.22,   66.06
 466.,  145.89,    35.60,     0.1,     0.7,     0.3,    3.68,    3.29,    0.21,    4.88,   65.75
 468.,  157.19,    33.83,     0.1,     0.7,     0.2,    3.62,    3.27,    0.21,    4.76,   65.42
 470.,  154.63,    33.68,     1.0,     0.7,    17.1,    3.61,    3.27,    0.21,    4.73,   65.38
 472.,  148.51,    35.71,     0.1,     0.8,     0.3,    3.93,    3.29,    0.22,    5.14,   65.72
 474.,  160.90,    35.53,     2.0,     0.8,     0.3,    3.90,    3.27,    0.23,    5.09,   65.56
 476.,  159.25,    33.84,     0.1,     0.8,     0.3,    3.86,    3.25,    0.22,    5.03,   65.06
 478.,  168.66,    35.43,     0.1,     0.8,     0.3,    3.93,    3.28,    0.22,    5.12,   66.34
 480.,  174.52,    35.67,     0.1,     0.8,     0.3,    3.99,    3.27,    0.22,    5.19,   66.67
 482.,  172.86,    35.38,     0.1,     0.8,     0.3,    3.99,    3.27,    0.22,    5.19,   67.12
 484.,  175.59,    36.01,     0.1,     0.8,     0.3,    3.97,    3.27,    0.22,    5.18,   67.10
 486.,  160.41,    35.90,     0.1,     0.8,     0.3,    3.95,    3.25,    0.22,    5.17,   65.72
 488.,  157.78,    35.71,     0.1,     0.8,     0.3,    3.90,    3.26,    0.22,    5.16,   64.03
 490.,  161.19,    35.96,    32.7,     0.8,     0.3,    3.89,    3.27,    0.22,    5.22,   63.54
 492.,  156.91,    36.17,     0.1,     0.8,     0.3,    3.92,    3.27,    0.22,    5.26,   63.67
 494.,  148.66,    36.20,     0.1,     0.8,     0.3,    3.93,    3.25,    0.21,    5.23,   63.78
 496.,  148.43,    36.51,     0.1,     0.8,     0.3,    4.02,    3.23,    0.21,    5.27,   64.86
 498.,  158.75,    36.33,     0.1,     0.8,     0.3,    4.03,    3.26,    0.22,    5.28,   65.99
 500.,  171.58,    35.84,     0.1,     0.8,     0.3,    4.03,    3.26,    0.22,    5.29,   66.18
 
  0,   1,     2,     3,     4,     5,     6,     7,     8,     9,
   0.,   0.035,   0.137,   0.000,   0.000,   0.086,   0.000,   0.461,   0.009,   0.115,
   0.,   0.059,   0.274,   0.000,   0.000,   0.158,   0.000,   1.098,   0.023,   0.247,
   0.,   0.096,   0.304,   0.000,   0.000,   0.172,   0.000,   1.906,   0.035,   0.280,
   0.,   0.140,   0.248,   0.000,   0.000,   0.137,   0.000,   2.431,   0.029,   0.222,
   8.,   0.212,   0.218,   0.000,   0.000,   0.127,   0.001,   2.945,   0.027,   0.191,
  10.,   0.318,   0.202,   0.000,   0.000,   0.126,   0.000,   3.500,   0.026,   0.167,
  12.,   0.441,   0.197,   0.000,   0.000,   0.117,   0.000,   4.129,   0.025,   0.153,
  14.,   0.529,   0.197,   0.000,   0.000,   0.099,   0.006,   4.843,   0.024,   0.139,
  16.,   0.627,   0.196,   0.000,   0.000,   0.091,   0.011,   5.639,   0.023,   0.141,
  18.,   0.762,   0.193,   0.000,   0.000,   0.089,   0.008,   6.571,   0.023,   0.132,
  20.,   0.915,   0.187,   0.000,   0.000,   0.092,   0.005,   7.592,   0.024,   0.128,
  22.,   1.076,   0.185,   0.000,   0.000,   0.090,   0.005,   8.710,   0.025,   0.119,
  24.,   1.258,   0.183,   0.000,   0.000,   0.084,   0.005,   9.950,   0.026,   0.118,
  26.,   1.481,   0.178,   0.000,   0.000,   0.083,   0.004,  11.333,   0.028,   0.119,
  28.,   1.721,   0.173,   0.000,   0.000,   0.087,   0.002,  12.832,   0.031,   0.123,
  30.,   1.945,   0.167,   0.000,   0.000,   0.086,   0.001,  14.449,   0.035,   0.124,
  32.,   2.234,   0.163,   0.000,   0.000,   0.086,   0.001,  16.102,   0.035,   0.120,
  34.,   2.574,   0.160,   0.000,   0.000,   0.084,   0.001,  17.866,   0.034,   0.122,
  36.,   2.839,   0.158,   0.000,   0.000,   0.081,   0.001,  19.710,   0.035,   0.118,
  38.,   3.072,   0.156,   0.000,   0.000,   0.070,   0.005,  21.565,   0.036,   0.112,
  40.,   3.184,   0.158,   0.000,   0.000,   0.067,   0.013,  23.408,   0.037,   0.100,
  42.,   3.406,   0.154,   0.000,   0.000,   0.063,   0.019,  25.269,   0.039,   0.099,
  44.,   3.874,   0.142,   0.000,   0.000,   0.076,   0.010,  27.354,   0.045,   0.112,
  46.,   4.282,   0.139,   0.000,   0.000,   0.078,   0.005,  29.391,   0.049,   0.109,
  48.,   4.689,   0.140,   0.000,   0.000,   0.070,   0.003,  31.302,   0.053,   0.104,
  50.,   5.088,   0.138,   0.000,   0.000,   0.068,   0.002,  33.309,   0.057,   0.111,
  52.,   5.430,   0.139,   0.000,   0.000,   0.066,   0.001,  35.273,   0.060,   0.104,
  54.,   5.828,   0.141,   0.000,   0.000,   0.063,   0.002,  37.318,   0.059,   0.097,
  56.,   6.205,   0.139,   0.000,   0.000,   0.067,   0.001,  39.348,   0.057,   0.107,
  58.,   6.720,   0.138,   0.000,   0.000,   0.066,   0.001,  41.371,   0.055,   0.114,
  60.,   7.256,   0.138,   0.000,   0.000,   0.067,   0.001,  43.354,   0.055,   0.109,
  62.,   7.538,   0.141,   0.000,   0.000,   0.061,   0.002,  45.243,   0.055,   0.101,
  64.,   7.847,   0.140,   0.000,   0.000,   0.058,   0.004,  47.246,   0.060,   0.100,
  66.,   8.254,   0.140,   0.000,   0.000,   0.056,   0.006,  49.046,   0.063,   0.099,
  68.,   8.558,   0.140,   0.000,   0.000,   0.054,   0.008,  50.950,   0.059,   0.102,
  70.,   9.071,   0.139,   0.000,   0.000,   0.056,   0.010,  52.808,   0.063,   0.104,
  72.,   9.558,   0.139,   0.000,   0.000,   0.055,   0.009,  54.837,   0.066,   0.102,
  74.,  10.275,   0.137,   0.000,   0.000,   0.058,   0.005,  56.805,   0.072,   0.100,
  76.,  11.066,   0.132,   0.000,   0.000,   0.066,   0.002,  58.691,   0.075,   0.113,
  78.,  11.944,   0.131,   0.000,   0.000,   0.064,   0.001,  60.472,   0.080,   0.121,
  80.,  12.707,   0.134,   0.000,   0.000,   0.062,   0.000,  62.355,   0.083,   0.122,
  82.,  13.173,   0.138,   0.000,   0.000,   0.055,   0.002,  64.040,   0.089,   0.107,
  84.,  13.494,   0.139,   0.000,   0.000,   0.052,   0.010,  65.805,   0.093,   0.102,
  86.,  13.392,   0.138,   0.000,   0.000,   0.042,   0.028,  67.520,   0.086,   0.088,
  88.,  12.435,   0.140,   0.000,   0.000,   0.042,   0.048,  69.426,   0.090,   0.090,
  90.,  12.494,   0.140,   0.000,   0.000,   0.049,   0.053,  71.119,   0.093,   0.095,
  92.,  12.920,   0.137,   0.000,   0.000,   0.053,   0.024,  73.299,   0.099,   0.107,
  94.,  13.706,   0.135,   0.000,   0.000,   0.056,   0.013,  75.344,   0.107,   0.113,
  96.,  14.398,   0.132,   0.000,   0.000,   0.058,   0.007,  77.661,   0.112,   0.118,
  98.,  15.207,   0.133,   0.000,   0.000,   0.057,   0.005,  79.535,   0.117,   0.116,
 100.,  15.992,   0.129,   0.000,   0.000,   0.065,   0.003,  81.616,   0.109,   0.119,
 102.,  16.972,   0.125,   0.000,   0.000,   0.072,   0.002,  83.550,   0.106,   0.114,
 104.,  17.979,   0.124,   0.001,   0.000,   0.070,   0.001,  85.685,   0.113,   0.119,
 106.,  19.022,   0.128,   0.000,   0.000,   0.070,   0.001,  87.506,   0.118,   0.119,
 108.,  19.944,   0.129,   0.000,   0.000,   0.064,   0.001,  89.708,   0.106,   0.108,
 110.,  20.960,   0.130,   0.000,   0.000,   0.062,   0.000,  91.685,   0.111,   0.097,
 112.,  22.053,   0.130,   0.000,   0.000,   0.064,   0.000,  93.160,   0.115,   0.105,
 114.,  22.970,   0.129,   0.000,   0.000,   0.068,   0.000,  94.475,   0.123,   0.107,
 116.,  23.889,   0.132,   0.000,   0.000,   0.060,   0.001,  96.002,   0.105,   0.108,
 118.,  23.945,   0.135,   0.000,   0.000,   0.053,   0.008,  97.220,   0.107,   0.103,
 120.,  24.482,   0.137,   0.000,   0.000,   0.052,   0.021,  98.859,   0.111,   0.099,
 122.,  25.105,   0.132,   0.000,   0.000,   0.059,   0.013, 100.591,   0.115,   0.107,
 124.,  26.340,   0.128,   0.000,   0.000,   0.065,   0.005, 101.776,   0.122,   0.110,
 126.,  27.602,   0.128,   0.000,   0.000,   0.067,   0.003, 103.347,   0.127,   0.116,
 128.,  28.519,   0.133,   0.000,   0.000,   0.060,   0.003, 104.509,   0.133,   0.111,
 130.,  29.513,   0.132,   0.000,   0.000,   0.059,   0.003, 105.854,   0.137,   0.109,
 132.,  30.721,   0.129,   0.000,   0.000,   0.063,   0.003, 107.133,   0.143,   0.109,
 134.,  31.825,   0.126,   0.000,   0.000,   0.067,   0.001, 108.097,   0.150,   0.108,
 136.,  33.248,   0.124,   0.000,   0.000,   0.072,   0.001, 109.380,   0.156,   0.111,
 138.,  34.278,   0.124,   0.000,   0.000,   0.070,   0.000, 110.559,   0.160,   0.112,
 140.,  35.431,   0.131,   0.000,   0.000,   0.068,   0.000, 111.290,   0.166,   0.105,
 142.,  36.297,   0.130,   0.000,   0.000,   0.072,   0.000, 112.328,   0.173,   0.110,
 144.,  37.672,   0.125,   0.000,   0.000,   0.072,   0.000, 114.131,   0.180,   0.119,
 146.,  38.088,   0.126,   0.000,   0.000,   0.072,   0.000, 115.478,   0.185,   0.116,
 148.,  39.181,   0.130,   0.000,   0.000,   0.064,   0.001, 116.928,   0.191,   0.112,
 150.,  39.015,   0.132,   0.000,   0.000,   0.061,   0.004, 117.776,   0.196,   0.112,
 152.,  39.999,   0.133,   0.000,   0.000,   0.060,   0.004, 119.194,   0.203,   0.115,
 154.,  40.581,   0.133,   0.000,   0.000,   0.057,   0.003, 120.452,   0.211,   0.114,
 156.,  41.657,   0.131,   0.000,   0.000,   0.060,   0.003, 121.763,   0.217,   0.105,
 158.,  42.286,   0.132,   0.000,   0.000,   0.059,   0.003, 123.308,   0.224,   0.104,
 160.,  41.835,   0.131,   0.000,   0.000,   0.063,   0.002, 125.105,   0.230,   0.104,
 162.,  42.938,   0.128,   0.000,   0.000,   0.065,   0.002, 126.557,   0.239,   0.109,
 164.,  43.582,   0.132,   0.000,   0.000,   0.067,   0.001, 127.485,   0.248,   0.111,
 166.,  43.727,   0.136,   0.000,   0.000,   0.064,   0.000, 128.408,   0.253,   0.111,
 168.,  44.150,   0.140,   0.000,   0.000,   0.063,   0.000, 128.971,   0.262,   0.108,
 170.,  44.461,   0.142,   0.000,   0.000,   0.065,   0.000, 130.228,   0.270,   0.112,
 172.,  44.811,   0.147,   0.000,   0.000,   0.061,   0.001, 130.094,   0.277,   0.107,
 174.,  45.524,   0.151,   0.000,   0.000,   0.060,   0.004, 131.716,   0.284,   0.108,
 176.,  46.144,   0.156,   0.000,   0.000,   0.054,   0.008, 133.132,   0.292,   0.100,
 178.,  46.479,   0.159,   0.000,   0.000,   0.062,   0.005, 134.440,   0.301,   0.105,
 180.,  47.725,   0.167,   0.000,   0.000,   0.071,   0.002, 134.078,   0.310,   0.115,
 182.,  47.497,   0.184,   0.000,   0.000,   0.067,   0.001, 135.764,   0.320,   0.111,
 184.,  48.455,   0.204,   0.000,   0.000,   0.064,   0.001, 136.529,   0.329,   0.107,
 186.,  48.544,   0.224,   0.000,   0.000,   0.063,   0.001, 137.359,   0.339,   0.114,
 188.,  49.438,   0.243,   0.000,   0.000,   0.063,   0.001, 138.161,   0.348,   0.110,
 190.,  50.357,   0.265,   0.000,   0.000,   0.063,   0.001, 139.306,   0.355,   0.111,
 192.,  51.333,   0.289,   0.000,   0.000,   0.065,   0.001, 140.886,   0.366,   0.111,
 194.,  52.343,   0.316,   0.000,   0.000,   0.066,   0.001, 142.642,   0.378,   0.115,
 196.,  53.199,   0.350,   0.000,   0.000,   0.064,   0.001, 142.543,   0.386,   0.113,
 198.,  53.892,   0.385,   0.000,   0.000,   0.059,   0.005, 143.013,   0.396,   0.112,
 200.,  54.609,   0.422,   0.000,   0.000,   0.058,   0.005, 144.841,   0.407,   0.110,
 202.,  55.290,   0.461,   0.000,   0.000,   0.058,   0.006, 145.630,   0.415,   0.106,
 204.,  55.367,   0.499,   0.000,   0.000,   0.057,   0.009, 146.118,   0.424,   0.106,
 206.,  56.025,   0.543,   0.000,   0.000,   0.057,   0.010, 147.902,   0.434,   0.106,
 208.,  56.797,   0.582,   0.000,   0.000,   0.058,   0.006, 149.697,   0.445,   0.108,
 210.,  57.695,   0.621,   0.000,   0.000,   0.062,   0.003, 150.748,   0.458,   0.120,
 212.,  58.673,   0.663,   0.000,   0.000,   0.067,   0.001, 151.633,   0.471,   0.119,
 214.,  59.599,   0.713,   0.000,   0.000,   0.068,   0.001, 152.749,   0.482,   0.122,
 216.,  59.530,   0.765,   0.000,   0.000,   0.065,   0.001, 152.838,   0.491,   0.118,
 218.,  60.120,   0.813,   0.000,   0.000,   0.062,   0.003, 152.305,   0.501,   0.110,
 220.,  60.525,   0.858,   0.000,   0.000,   0.054,   0.015, 152.350,   0.510,   0.100,
 222.,  51.861,   0.905,   0.000,   0.000,   0.047,   0.034, 153.994,   0.519,   0.095,
 224.,  52.196,   0.955,   0.000,   0.000,   0.051,   0.050, 154.367,   0.529,   0.095,
 226.,  52.722,   1.000,   0.000,   0.000,   0.056,   0.041, 156.583,   0.541,   0.107,
 228.,  53.397,   1.037,   0.000,   0.000,   0.065,   0.017, 157.539,   0.555,   0.109,
 230.,  54.093,   1.079,   0.000,   0.000,   0.068,   0.006, 158.279,   0.571,   0.113,
 232.,  54.770,   1.117,   0.000,   0.000,   0.068,   0.004, 159.626,   0.584,   0.117,
 234.,  55.425,   1.147,   0.000,   0.000,   0.072,   0.003, 160.513,   0.596,   0.123,
 236.,  55.266,   1.171,   0.000,   0.000,   0.078,   0.002, 161.304,   0.610,   0.131,
 238.,  55.155,   1.211,   0.000,   0.000,   0.079,   0.001, 162.269,   0.624,   0.128,
 240.,  55.893,   1.282,   0.000,   0.000,   0.084,   0.001, 162.479,   0.638,   0.129,
 242.,  56.504,   1.352,   0.000,   0.000,   0.086,   0.001, 162.881,   0.650,   0.121,
 244.,  57.115,   1.420,   0.000,   0.000,   0.086,   0.001, 162.241,   0.514,   0.121,
 246.,  57.749,   1.494,   0.000,   0.000,   0.090,   0.000, 161.750,   0.525,   0.123,
 248.,  57.371,   1.572,   0.000,   0.000,   0.091,   0.000, 164.448,   0.536,   0.125,
 250.,  56.643,   1.660,   0.000,   0.000,   0.088,   0.001, 165.792,   0.548,   0.123,
 252.,  57.030,   1.747,   0.000,   0.000,   0.082,   0.004, 166.307,   0.557,   0.119,
 254.,  53.439,   1.837,   0.000,   0.000,   0.071,   0.016, 167.226,   0.565,   0.111,
 256.,  53.788,   1.922,   0.000,   0.000,   0.079,   0.019, 167.967,   0.576,   0.121,
 258.,  54.314,   2.011,   0.000,   0.000,   0.093,   0.007, 168.191,   0.589,   0.132,
 260.,  54.879,   2.088,   0.000,   0.000,   0.102,   0.003, 169.550,   0.601,   0.137,
 262.,  55.330,   2.170,   0.000,   0.000,   0.101,   0.001, 170.499,   0.614,   0.133,
 264.,  55.694,   2.258,   0.000,   0.000,   0.103,   0.003, 172.268,   0.623,   0.127,
 266.,  56.145,   2.337,   0.000,   0.000,   0.112,   0.003, 172.586,   0.635,   0.138,
 268.,  56.649,   2.376,   0.000,   0.000,   0.118,   0.001, 173.333,   0.649,   0.147,
 270.,  56.105,   2.412,   0.000,   0.000,   0.122,   0.001, 172.929,   0.662,   0.154,
 272.,  56.647,   2.485,   0.001,   0.000,   0.129,   0.000, 173.689,   0.676,   0.157,
 274.,  57.106,   2.506,   0.000,   0.000,   0.138,   0.000, 174.328,   0.687,   0.158,
 276.,  57.469,   2.605,   0.000,   0.000,   0.141,   0.001, 176.017,   0.698,   0.162,
 278.,  57.920,   2.628,   0.000,   0.000,   0.155,   0.000, 176.438,   0.711,   0.175,
 280.,  58.368,   2.683,   0.000,   0.000,   0.164,   0.000, 177.620,   0.722,   0.172,
 282.,  56.185,   2.766,   0.000,   0.000,   0.174,   0.000, 177.449,   0.736,   0.180,
 284.,  53.799,   2.790,   0.000,   0.000,   0.177,   0.003, 178.838,   0.748,   0.187,
 286.,  51.421,   2.846,   0.000,   0.000,   0.180,   0.004, 179.966,   0.760,   0.191,
 288.,  50.358,   2.928,   0.000,   0.000,   0.193,   0.004, 182.065,   0.772,   0.197,
 290.,  50.678,   2.932,   0.000,   0.000,   0.206,   0.003, 183.132,   0.786,   0.201,
 292.,  50.971,   3.003,   0.000,   0.000,   0.213,   0.002, 183.887,   0.800,   0.205,
 294.,  51.233,   3.059,   0.000,   0.000,   0.226,   0.003, 184.716,   0.813,   0.217,
 296.,  48.827,   3.086,   0.000,   0.000,   0.241,   0.002, 186.257,   0.826,   0.224,
 298.,  49.103,   3.097,   0.000,   0.000,   0.251,   0.002, 187.204,   0.841,   0.238,
 300.,  49.377,   3.132,   0.000,   0.000,   0.262,   0.001, 187.512,   0.854,   0.250,
 302.,  48.526,   3.127,   0.000,   0.000,   0.282,   0.001, 188.535,   0.868,   0.268,
 304.,  48.775,   3.099,   0.000,   0.000,   0.300,   0.000, 187.269,   0.881,   0.267,
 306.,  48.989,   3.151,   0.000,   0.000,   0.316,   0.001, 187.293,   0.894,   0.283,
 308.,  42.557,   3.133,   0.000,   0.000,   0.331,   0.002, 188.100,   0.906,   0.267,
 310.,  28.691,   3.226,   0.000,   0.000,   0.344,   0.007, 188.999,   0.918,   0.255,
 312.,  18.390,   3.279,   0.000,   0.000,   0.363,   0.011, 189.604,   0.933,   0.261,
 314.,  18.507,   3.322,   0.000,   0.000,   0.396,   0.003, 192.700,   0.949,   0.290,
 316.,  18.588,   3.372,   0.000,   0.000,   0.421,   0.001, 194.253,   0.965,   0.289,
 318.,  18.659,   3.480,   0.000,   0.000,   0.437,   0.001, 194.206,   0.978,   0.290,
 320.,  18.744,   3.576,   0.000,   0.000,   0.461,   0.001, 195.656,   0.991,   0.298,
 322.,  18.816,   3.672,   0.000,   0.000,   0.483,   0.001, 197.249,   1.007,   0.299,
 324.,  18.872,   3.790,   0.000,   0.000,   0.507,   0.001, 198.508,   1.020,   0.314,
 326.,  18.947,   3.904,   0.000,   0.000,   0.531,   0.001, 198.588,   1.035,   0.309,
 328.,  19.023,   4.015,   0.000,   0.000,   0.560,   0.000, 200.723,   1.050,   0.304,
 330.,  17.751,   4.125,   0.000,   0.000,   0.584,   0.000, 202.502,   1.068,   0.316,
 332.,  16.426,   4.240,   0.000,   0.000,   0.598,   0.001, 202.808,   1.083,   0.319,
 334.,  16.427,   4.340,   0.000,   0.000,   0.621,   0.003, 202.640,   1.098,   0.339,
 336.,  16.430,   4.506,   0.000,   0.000,   0.642,   0.003, 203.522,   1.113,   0.352,
 338.,  13.948,   4.719,   0.000,   0.000,   0.663,   0.004, 204.913,   1.127,   0.349,
 340.,  11.367,   4.936,   0.000,   0.000,   0.689,   0.005, 205.191,   1.144,   0.364,
 342.,  10.061,   5.161,   0.000,   0.000,   0.722,   0.006, 205.771,   1.160,   0.374,
 344.,   8.734,   5.277,   0.000,   0.000,   0.756,   0.003, 206.530,   1.176,   0.398,
 346.,   7.421,   5.369,   0.000,   0.000,   0.796,   0.002, 207.051,   1.195,   0.422,
 348.,   7.464,   5.636,   0.000,   0.000,   0.846,   0.001, 207.611,   1.211,   0.443,
 350.,   7.496,   5.919,   0.000,   0.000,   0.883,   0.001, 208.008,   1.227,   0.471,
 352.,   5.022,   5.950,   0.000,   0.000,   0.913,   0.001, 207.871,   1.243,   0.478,
 354.,   5.023,   6.221,   0.000,   0.000,   0.935,   0.008, 207.758,   1.255,   0.498,
 356.,   3.793,   6.226,   0.000,   0.000,   0.954,   0.024, 208.751,   1.270,   0.475,
 358.,   3.794,   6.346,   0.000,   0.000,   0.985,   0.042, 208.318,   1.284,   0.495,
 360.,   3.795,   6.563,   0.000,   0.000,   1.019,   0.050, 209.624,   1.301,   0.533,
 362.,   2.603,   6.885,   0.000,   0.000,   1.066,   0.024, 209.843,   1.320,   0.558,
 364.,   2.605,   7.298,   0.000,   0.000,   1.117,   0.012, 212.259,   1.337,   0.586,
 366.,   2.616,   7.734,   0.000,   0.000,   1.168,   0.006, 214.065,   1.355,   0.616,
 368.,   2.618,   8.191,   0.000,   0.000,   1.214,   0.003, 216.399,   1.371,   0.647,
 370.,   2.630,   8.638,   0.000,   0.000,   1.266,   0.002, 218.692,   1.391,   0.622,
 372.,   2.647,   9.062,   0.000,   0.000,   1.326,   0.001, 219.560,   1.409,   0.644,
 374.,   2.664,   9.489,   0.000,   0.000,   1.386,   0.001, 221.387,   1.427,   0.680,
 376.,   2.673,   9.951,   0.000,   0.000,   1.436,   0.000, 220.706,   1.444,   0.688,
 378.,   2.678,  10.434,   0.000,   0.000,   1.485,   0.001, 221.803,   1.460,   0.694,
 380.,   2.639,  10.901,   0.001,   0.000,   1.518,   0.001, 221.630,   1.477,   0.716,
 382.,   2.640,  11.381,   0.000,   0.000,   1.552,   0.000, 222.161,   1.493,   0.735,
 384.,   2.641,  11.863,   0.000,   0.000,   1.600,   0.000, 223.210,   1.510,   0.754,
 386.,   2.643,  12.332,   0.000,   0.000,   1.642,   0.001, 224.125,   1.528,   0.763,
 388.,   1.323,  12.807,   0.000,   0.000,   1.658,   0.006, 225.704,   1.545,   0.774,
 390.,   1.324,  13.270,   0.000,   0.000,   1.694,   0.017, 225.725,   1.562,   0.778,
 392.,   1.326,  13.736,   0.000,   0.000,   1.757,   0.010, 225.140,   1.580,   0.810,
 394.,   1.329,  14.192,   0.000,   0.000,   1.816,   0.005, 226.079,   1.227,   0.823,
 396.,   1.331,  14.661,   0.000,   0.000,   1.885,   0.002, 224.632,   1.241,   0.824,
 398.,   1.333,  15.138,   0.000,   0.000,   1.931,   0.002, 222.623,   1.254,   0.814,
 400.,   1.337,  15.615,   0.000,   0.000,   1.987,   0.003, 224.218,   1.269,   0.835,
 402.,   1.340,  16.053,   0.000,   0.000,   2.028,   0.001, 225.561,   1.284,   0.828,
 404.,   1.344,  16.491,   0.000,   0.000,   2.056,   0.001, 227.830,   1.300,   0.836,
 406.,   1.349,  16.913,   0.000,   0.000,   2.118,   0.000, 228.992,   1.314,   0.827,
 408.,   1.355,  17.301,   0.000,   0.000,   2.180,   0.000, 229.965,   1.327,   0.833,
 410.,   1.356,  17.711,   0.000,   0.000,   2.196,   0.000, 231.478,   1.341,   0.852,
 412.,   1.362,  18.052,   0.000,   0.000,   2.252,   0.000, 233.548,   1.354,   0.873,
 414.,   1.364,  18.427,   0.000,   0.000,   2.256,   0.000, 235.710,   1.368,   0.875,
 416.,   1.350,  18.786,   0.002,   0.000,   2.206,   0.000, 235.309,   1.383,   0.885,
 418.,   1.355,  19.146,   0.001,   0.000,   2.204,   0.001, 235.048,   1.397,   0.905,
 420.,   1.359,  19.547,   0.000,   0.000,   2.198,   0.004, 234.938,   1.412,   0.919,
 422.,   1.364,  19.894,   0.000,   0.000,   2.128,   0.003, 237.096,   1.423,   0.942,
 424.,   1.370,  20.231,   0.000,   0.000,   2.178,   0.003, 236.485,   1.438,   0.968,
 426.,   0.058,  20.614,   0.000,   0.000,   2.226,   0.002, 236.010,   1.454,   0.994,
 428.,   0.049,  20.985,   0.000,   0.000,   2.203,   0.002, 236.246,   1.468,   0.998,
 430.,   0.054,  21.111,   0.000,   0.000,   2.189,   0.003, 238.260,   1.481,   0.995,
 432.,   0.059,  21.067,   0.000,   0.000,   2.242,   0.001, 239.618,   1.495,   1.024,
 434.,   0.065,  21.293,   0.000,   0.000,   2.293,   0.001, 241.626,   1.510,   1.059,
 436.,   0.071,  21.430,   0.000,   0.000,   2.341,   0.000, 239.797,   1.525,   1.091,
 438.,   0.077,  21.554,   0.000,   0.000,   2.141,   0.000, 239.422,   1.539,   1.112,
 440.,   0.085,  21.630,   0.000,   0.000,   2.101,   0.000, 241.345,   1.555,   1.141,
 442.,   0.092,  21.820,   0.000,   0.000,   2.141,   0.001, 240.648,   1.571,   1.164,
 444.,   0.098,  21.870,   0.000,   0.000,   2.086,   0.005, 241.564,   1.585,   1.186,
 446.,   0.103,  22.179,   0.000,   0.000,   2.121,   0.010, 241.194,   1.599,   1.216,
 448.,   0.109,  22.293,   0.000,   0.000,   2.174,   0.006, 241.703,   1.615,   1.250,
 450.,   0.118,  22.545,   0.000,   0.000,   2.228,   0.002, 242.792,   1.632,   1.283,
 452.,   0.125,  22.884,   0.000,   0.000,   2.265,   0.002, 244.553,   1.647,   1.305,
 454.,   0.134,  22.534,   0.000,   0.000,   2.094,   0.001, 243.683,   1.664,   1.335,
 456.,   0.144,  22.650,   0.000,   0.000,   2.140,   0.001, 245.181,   1.681,   1.366,
 458.,   0.154,  22.701,   0.000,   0.000,   2.183,   0.001, 245.381,   1.695,   1.400,
 460.,   0.165,  22.664,   0.000,   0.000,   2.226,   0.001, 247.087,   1.711,   1.428,
 462.,   0.176,  22.469,   0.000,   0.000,   2.269,   0.001, 248.025,   1.726,   1.462,
 464.,   0.188,  22.685,   0.000,   0.000,   2.320,   0.000, 245.258,   1.742,   1.499,
 466.,   0.180,  22.774,   0.000,   0.000,   2.353,   0.001, 245.368,   1.756,   1.524,
 468.,   0.189,  22.473,   0.000,   0.000,   2.258,   0.003, 243.950,   1.771,   1.553,
 470.,   0.199,  22.275,   0.000,   0.000,   2.168,   0.004, 245.853,   1.183,   1.576,
 472.,   0.208,  22.229,   0.000,   0.000,   2.201,   0.005, 246.448,   1.194,   1.602,
 474.,   0.218,  22.199,   0.000,   0.000,   2.235,   0.006, 248.449,   1.204,   1.627,
 476.,   0.228,  21.254,   0.000,   0.000,   2.273,   0.007, 247.910,   1.212,   1.662,
 478.,   0.239,  20.730,   0.000,   0.000,   2.311,   0.005, 248.630,   1.223,   1.697,
 480.,   0.251,  19.667,   0.000,   0.000,   2.351,   0.003, 249.633,   1.235,   1.738,
 482.,   0.264,  19.086,   0.000,   0.000,   2.255,   0.001, 250.385,   1.247,   1.770,
 484.,   0.278,  18.459,   0.000,   0.000,   2.295,   0.000, 251.064,   1.258,   1.810,
 486.,   0.292,  18.459,   0.000,   0.000,   2.185,   0.001, 250.930,   1.269,   1.842,
 488.,   0.302,  18.284,   0.000,   0.000,   2.207,   0.005, 249.994,   1.279,   1.865,
 490.,   0.309,  17.769,   0.000,   0.000,   2.221,   0.016, 250.852,   1.287,   1.885,
 492.,   0.317,  17.843,   0.000,   0.000,   2.242,   0.033, 250.317,   1.298,   1.907,
 494.,   0.327,  17.926,   0.000,   0.000,   2.265,   0.047, 250.682,   1.307,   1.944,
 496.,   0.210,  18.116,   0.000,   0.000,   2.306,   0.042, 250.047,   1.319,   1.967,
 498.,   0.219,  18.298,   0.000,   0.000,   2.197,   0.019, 249.375,   1.330,   2.007,
 500.,   0.229,  18.167,   0.000,   0.000,   2.238,   0.009, 248.526,   1.342,   2.038,
   0.,   0.000,   0.000,   0.000,   0.000,   0.000,   0.000,   0.000,   0.000,   0.000,
   0.,   0.000,   0.077,   0.000,   0.000,   0.000,   0.000,   0.115,   0.000,   0.000,
   0.,   0.000,   0.082,   0.000,   0.000,   0.000,   0.000,   0.125,   0.000,   0.000,
   0.,   0.000,   0.069,   0.000,   0.000,   0.000,   0.000,   0.117,   0.000,   0.000,
   8.,   0.000,   0.000,   0.000,   0.000,   0.000,   0.000,   0.123,   0.000,   0.000,
  10.,   0.071,   0.000,   0.000,   0.000,   0.000,   0.000,   0.140,   0.000,   0.000,
  12.,   0.099,   0.000,   0.000,   0.000,   0.000,   0.000,   0.161,   0.000,   0.000,
  14.,   0.118,   0.000,   0.000,   0.000,   0.000,   0.000,   0.192,   0.000,   0.000,
  16.,   0.143,   0.000,   0.000,   0.000,   0.000,   0.000,   0.233,   0.000,   0.000,
  18.,   0.178,   0.000,   0.000,   0.000,   0.000,   0.000,   0.274,   0.000,   0.000,
  20.,   0.219,   0.000,   0.000,   0.000,   0.000,   0.000,   0.321,   0.000,   0.000,
  22.,   0.263,   0.000,   0.000,   0.000,   0.000,   0.000,   0.380,   0.000,   0.000,
  24.,   0.315,   0.000,   0.000,   0.000,   0.000,   0.000,   0.443,   0.000,   0.000,
  26.,   0.375,   0.000,   0.000,   0.000,   0.000,   0.000,   0.517,   0.000,   0.000,
  28.,   0.452,   0.000,   0.000,   0.000,   0.000,   0.000,   0.600,   0.000,   0.000,
  30.,   0.530,   0.000,   0.000,   0.000,   0.000,   0.000,   0.689,   0.000,   0.000,
  32.,   0.586,   0.000,   0.000,   0.000,   0.000,   0.000,   0.781,   0.000,   0.000,
  34.,   0.668,   0.000,   0.000,   0.000,   0.000,   0.000,   0.887,   0.000,   0.000,
  36.,   0.743,   0.000,   0.000,   0.000,   0.000,   0.000,   0.995,   0.000,   0.000,
  38.,   0.804,   0.000,   0.000,   0.000,   0.000,   0.000,   1.107,   0.000,   0.000,
  40.,   0.844,   0.000,   0.000,   0.000,   0.000,   0.000,   1.217,   0.000,   0.000,
  42.,   0.883,   0.000,   0.000,   0.000,   0.000,   0.000,   1.331,   0.000,   0.000,
  44.,   0.986,   0.000,   0.000,   0.000,   0.000,   0.000,   1.466,   0.000,   0.000,
  46.,   1.101,   0.000,   0.000,   0.000,   0.000,   0.000,   1.618,   0.000,   0.000,
  48.,   1.179,   0.000,   0.000,   0.000,   0.000,   0.000,   1.755,   0.000,   0.000,
  50.,   1.302,   0.000,   0.000,   0.000,   0.000,   0.000,   1.892,   0.000,   0.000,
  52.,   1.409,   0.000,   0.000,   0.000,   0.000,   0.000,   2.030,   0.000,   0.000,
  54.,   1.556,   0.000,   0.000,   0.000,   0.000,   0.000,   2.183,   0.000,   0.000,
  56.,   1.596,   0.000,   0.000,   0.000,   0.000,   0.000,   2.333,   0.000,   0.000,
  58.,   1.713,   0.000,   0.000,   0.000,   0.000,   0.000,   2.501,   0.000,   0.000,
  60.,   1.863,   0.000,   0.000,   0.000,   0.000,   0.000,   2.678,   0.000,   0.000,
  62.,   1.930,   0.000,   0.000,   0.000,   0.000,   0.000,   2.854,   0.000,   0.000,
  64.,   2.045,   0.000,   0.000,   0.000,   0.000,   0.000,   3.032,   0.000,   0.000,
  66.,   2.174,   0.000,   0.000,   0.000,   0.000,   0.000,   3.181,   0.000,   0.000,
  68.,   2.291,   0.000,   0.000,   0.000,   0.000,   0.000,   3.327,   0.000,   0.000,
  70.,   2.430,   0.000,   0.000,   0.000,   0.000,   0.000,   3.495,   0.000,   0.000,
  72.,   2.582,   0.000,   0.000,   0.000,   0.000,   0.000,   3.678,   0.000,   0.000,
  74.,   2.774,   0.000,   0.000,   0.000,   0.000,   0.000,   3.847,   0.000,   0.000,
  76.,   2.993,   0.000,   0.000,   0.000,   0.000,   0.000,   4.022,   0.000,   0.000,
  78.,   3.242,   0.000,   0.000,   0.000,   0.000,   0.000,   4.217,   0.000,   0.000,
  80.,   3.494,   0.000,   0.000,   0.000,   0.000,   0.000,   4.462,   0.000,   0.000,
  82.,   3.681,   0.000,   0.000,   0.000,   0.000,   0.000,   4.602,   0.000,   0.000,
  84.,   3.834,   0.000,   0.000,   0.000,   0.000,   0.000,   4.811,   0.000,   0.000,
  86.,   3.937,   0.000,   0.000,   0.000,   0.000,   0.000,   4.987,   0.000,   0.000,
  88.,   3.820,   0.000,   0.000,   0.000,   0.000,   0.000,   5.219,   0.000,   0.000,
  90.,   3.896,   0.000,   0.000,   0.000,   0.000,   0.000,   5.398,   0.065,   0.000,
  92.,   4.112,   0.000,   0.000,   0.000,   0.000,   0.000,   5.598,   0.068,   0.000,
  94.,   4.361,   0.000,   0.000,   0.000,   0.000,   0.000,   5.847,   0.072,   0.000,
  96.,   4.655,   0.000,   0.000,   0.000,   0.000,   0.000,   6.120,   0.076,   0.000,
  98.,   4.914,   0.000,   0.000,   0.000,   0.000,   0.000,   6.395,   0.081,   0.000,
 100.,   5.209,   0.000,   0.000,   0.000,   0.000,   0.000,   6.635,   0.081,   0.000,
 102.,   5.602,   0.000,   0.000,   0.000,   0.000,   0.000,   6.970,   0.084,   0.000,
 104.,   5.959,   0.000,   0.000,   0.000,   0.000,   0.000,   7.188,   0.089,   0.000,
 106.,   6.301,   0.000,   0.000,   0.000,   0.000,   0.000,   7.476,   0.093,   0.000,
 108.,   6.604,   0.000,   0.000,   0.000,   0.000,   0.000,   7.786,   0.092,   0.000,
 110.,   6.937,   0.000,   0.000,   0.000,   0.000,   0.000,   8.065,   0.097,   0.000,
 112.,   7.295,   0.000,   0.000,   0.000,   0.000,   0.000,   8.208,   0.102,   0.000,
 114.,   7.673,   0.000,   0.000,   0.000,   0.000,   0.000,   8.325,   0.107,   0.000,
 116.,   7.978,   0.000,   0.000,   0.000,   0.000,   0.000,   8.502,   0.103,   0.000,
 118.,   8.227,   0.000,   0.000,   0.000,   0.000,   0.000,   8.653,   0.106,   0.000,
 120.,   8.414,   0.000,   0.000,   0.000,   0.000,   0.000,   8.877,   0.111,   0.000,
 122.,   8.702,   0.000,   0.000,   0.000,   0.000,   0.000,   9.053,   0.116,   0.000,
 124.,   9.126,   0.000,   0.000,   0.000,   0.000,   0.000,   9.295,   0.121,   0.000,
 126.,   9.559,   0.000,   0.000,   0.000,   0.000,   0.000,   9.541,   0.126,   0.000,
 128.,   9.874,   0.000,   0.000,   0.000,   0.000,   0.000,   9.812,   0.131,   0.000,
 130.,  10.215,   0.000,   0.000,   0.000,   0.000,   0.000,   9.952,   0.137,   0.000,
 132.,  10.629,   0.000,   0.000,   0.000,   0.000,   0.000,  10.156,   0.142,   0.000,
 134.,  11.097,   0.000,   0.000,   0.000,   0.000,   0.000,  10.262,   0.148,   0.000,
 136.,  11.584,   0.000,   0.000,   0.000,   0.000,   0.000,  10.486,   0.154,   0.000,
 138.,  11.992,   0.000,   0.000,   0.000,   0.000,   0.000,  10.729,   0.160,   0.000,
 140.,  12.390,   0.000,   0.000,   0.000,   0.000,   0.000,  10.960,   0.166,   0.000,
 142.,  12.479,   0.000,   0.000,   0.000,   0.000,   0.000,  11.124,   0.172,   0.000,
 144.,  12.942,   0.000,   0.000,   0.000,   0.000,   0.000,  11.420,   0.179,   0.000,
 146.,  13.036,   0.000,   0.000,   0.000,   0.000,   0.000,  11.564,   0.186,   0.000,
 148.,  13.401,   0.000,   0.000,   0.000,   0.000,   0.000,  11.861,   0.192,   0.000,
 150.,  13.749,   0.000,   0.000,   0.000,   0.000,   0.000,  11.974,   0.198,   0.000,
 152.,  14.087,   0.000,   0.000,   0.000,   0.000,   0.000,  12.185,   0.205,   0.000,
 154.,  14.480,   0.000,   0.000,   0.000,   0.000,   0.000,  12.408,   0.212,   0.000,
 156.,  14.856,   0.000,   0.000,   0.000,   0.000,   0.000,  12.606,   0.219,   0.000,
 158.,  15.241,   0.000,   0.000,   0.000,   0.000,   0.000,  12.914,   0.227,   0.000,
 160.,  14.965,   0.000,   0.000,   0.000,   0.000,   0.000,  13.152,   0.234,   0.000,
 162.,  15.352,   0.000,   0.000,   0.000,   0.000,   0.000,  13.266,   0.242,   0.000,
 164.,  15.319,   0.000,   0.000,   0.000,   0.000,   0.000,  13.394,   0.250,   0.000,
 166.,  15.347,   0.000,   0.000,   0.000,   0.000,   0.000,  13.512,   0.257,   0.000,
 168.,  15.636,   0.000,   0.000,   0.000,   0.000,   0.000,  13.657,   0.265,   0.000,
 170.,  15.569,   0.000,   0.000,   0.000,   0.000,   0.000,  13.898,   0.274,   0.000,
 172.,  15.511,   0.000,   0.000,   0.000,   0.000,   0.000,  14.119,   0.282,   0.000,
 174.,  15.754,   0.000,   0.000,   0.000,   0.000,   0.000,  14.393,   0.291,   0.000,
 176.,  15.967,   0.065,   0.000,   0.000,   0.000,   0.000,  14.773,   0.299,   0.000,
 178.,  16.012,   0.074,   0.000,   0.000,   0.000,   0.000,  14.978,   0.308,   0.000,
 180.,  16.439,   0.093,   0.000,   0.000,   0.000,   0.000,  15.200,   0.317,   0.000,
 182.,  16.543,   0.108,   0.000,   0.000,   0.000,   0.000,  15.497,   0.327,   0.000,
 184.,  16.873,   0.135,   0.000,   0.000,   0.000,   0.000,  15.620,   0.336,   0.000,
 186.,  17.241,   0.166,   0.000,   0.000,   0.000,   0.000,  15.787,   0.346,   0.000,
 188.,  17.553,   0.196,   0.000,   0.000,   0.000,   0.000,  16.029,   0.356,   0.000,
 190.,  17.875,   0.229,   0.000,   0.000,   0.000,   0.000,  16.374,   0.366,   0.000,
 192.,  18.217,   0.266,   0.000,   0.000,   0.000,   0.000,  16.668,   0.375,   0.000,
 194.,  18.573,   0.308,   0.000,   0.000,   0.000,   0.000,  16.854,   0.386,   0.000,
 196.,  18.874,   0.355,   0.000,   0.000,   0.000,   0.000,  16.843,   0.395,   0.000,
 198.,  19.117,   0.405,   0.000,   0.000,   0.000,   0.000,  16.895,   0.406,   0.000,
 200.,  19.369,   0.461,   0.000,   0.000,   0.000,   0.000,  17.140,   0.417,   0.000,
 202.,  19.609,   0.521,   0.000,   0.000,   0.000,   0.000,  17.301,   0.427,   0.000,
 204.,  19.876,   0.583,   0.000,   0.000,   0.000,   0.000,  17.271,   0.437,   0.000,
 206.,  20.109,   0.649,   0.000,   0.000,   0.000,   0.000,  17.519,   0.448,   0.000,
 208.,  20.384,   0.717,   0.000,   0.000,   0.000,   0.000,  17.767,   0.459,   0.000,
 210.,  20.705,   0.787,   0.000,   0.000,   0.000,   0.000,  18.053,   0.471,   0.000,
 212.,  21.055,   0.861,   0.000,   0.000,   0.000,   0.000,  18.150,   0.483,   0.000,
 214.,  21.386,   0.941,   0.000,   0.000,   0.000,   0.000,  18.129,   0.494,   0.000,
 216.,  21.712,   1.016,   0.000,   0.000,   0.000,   0.000,  18.103,   0.505,   0.000,
 218.,  21.926,   1.078,   0.000,   0.000,   0.000,   0.000,  18.375,   0.516,   0.000,
 220.,  22.074,   1.143,   0.000,   0.000,   0.000,   0.000,  18.526,   0.528,   0.000,
 222.,  20.380,   1.214,   0.000,   0.000,   0.000,   0.000,  18.652,   0.538,   0.000,
 224.,  20.510,   1.288,   0.000,   0.000,   0.000,   0.000,  18.729,   0.550,   0.000,
 226.,  20.715,   1.361,   0.000,   0.000,   0.000,   0.000,  18.973,   0.562,   0.000,
 228.,  20.977,   1.424,   0.000,   0.000,   0.000,   0.000,  18.952,   0.574,   0.000,
 230.,  21.249,   1.492,   0.000,   0.000,   0.000,   0.000,  19.252,   0.588,   0.000,
 232.,  21.515,   1.537,   0.000,   0.000,   0.000,   0.000,  19.530,   0.601,   0.000,
 234.,  21.771,   1.586,   0.000,   0.000,   0.000,   0.000,  19.909,   0.615,   0.000,
 236.,  21.932,   1.615,   0.000,   0.000,   0.000,   0.000,  20.055,   0.629,   0.000,
 238.,  21.636,   1.669,   0.000,   0.000,   0.000,   0.000,  20.476,   0.643,   0.000,
 240.,  21.922,   1.763,   0.000,   0.000,   0.000,   0.000,  20.443,   0.657,   0.000,
 242.,  22.158,   1.852,   0.000,   0.000,   0.000,   0.000,  20.704,   0.671,   0.000,
 244.,  22.393,   1.945,   0.000,   0.000,   0.000,   0.000,  20.817,   0.618,   0.000,
 246.,  22.637,   2.041,   0.000,   0.000,   0.000,   0.000,  20.836,   0.631,   0.000,
 248.,  22.720,   2.135,   0.000,   0.000,   0.000,   0.000,  21.180,   0.645,   0.000,
 250.,  22.926,   2.248,   0.000,   0.000,   0.000,   0.000,  21.378,   0.658,   0.000,
 252.,  23.085,   2.361,   0.000,   0.000,   0.000,   0.000,  21.531,   0.670,   0.000,
 254.,  21.984,   2.478,   0.000,   0.000,   0.000,   0.000,  21.811,   0.684,   0.000,
 256.,  22.133,   2.588,   0.000,   0.000,   0.000,   0.000,  21.975,   0.697,   0.000,
 258.,  22.350,   2.712,   0.000,   0.000,   0.000,   0.000,  22.101,   0.711,   0.000,
 260.,  22.584,   2.811,   0.000,   0.000,   0.000,   0.000,  22.313,   0.724,   0.000,
 262.,  22.778,   2.910,   0.000,   0.000,   0.000,   0.000,  22.505,   0.739,   0.000,
 264.,  22.930,   3.022,   0.000,   0.000,   0.072,   0.000,  22.945,   0.753,   0.000,
 266.,  23.115,   3.129,   0.000,   0.000,   0.082,   0.000,  23.145,   0.767,   0.000,
 268.,  23.323,   3.187,   0.000,   0.000,   0.091,   0.000,  23.607,   0.782,   0.000,
 270.,  22.927,   3.239,   0.000,   0.000,   0.103,   0.000,  23.547,   0.797,   0.000,
 272.,  23.150,   3.333,   0.000,   0.000,   0.115,   0.000,  23.568,   0.812,   0.066,
 274.,  23.339,   3.378,   0.000,   0.000,   0.126,   0.000,  23.531,   0.827,   0.074,
 276.,  23.494,   3.498,   0.000,   0.000,   0.139,   0.000,  23.879,   0.841,   0.083,
 278.,  23.684,   3.547,   0.000,   0.000,   0.156,   0.000,  23.881,   0.856,   0.096,
 280.,  23.871,   3.624,   0.000,   0.000,   0.176,   0.000,  24.178,   0.871,   0.108,
 282.,  24.036,   3.729,   0.000,   0.000,   0.196,   0.000,  24.370,   0.887,   0.118,
 284.,  23.831,   3.762,   0.000,   0.000,   0.212,   0.000,  24.757,   0.901,   0.130,
 286.,  23.923,   3.840,   0.000,   0.000,   0.227,   0.000,  25.014,   0.916,   0.144,
 288.,  24.038,   3.947,   0.000,   0.000,   0.248,   0.000,  25.338,   0.932,   0.158,
 290.,  24.187,   3.978,   0.000,   0.000,   0.271,   0.000,  25.549,   0.947,   0.173,
 292.,  24.325,   4.060,   0.000,   0.000,   0.294,   0.000,  25.577,   0.962,   0.188,
 294.,  24.453,   4.139,   0.000,   0.000,   0.319,   0.000,  25.709,   0.977,   0.204,
 296.,  24.535,   4.180,   0.000,   0.000,   0.345,   0.000,  25.902,   0.994,   0.224,
 298.,  24.670,   4.197,   0.000,   0.000,   0.373,   0.000,  26.138,   1.010,   0.245,
 300.,  24.801,   4.241,   0.000,   0.000,   0.403,   0.000,  26.258,   1.027,   0.268,
 302.,  24.927,   4.256,   0.000,   0.000,   0.435,   0.000,  26.352,   1.044,   0.292,
 304.,  25.049,   4.288,   0.000,   0.000,   0.468,   0.000,  26.259,   1.059,   0.289,
 306.,  25.152,   4.356,   0.000,   0.000,   0.502,   0.000,  26.474,   1.075,   0.313,
 308.,  22.624,   4.365,   0.000,   0.000,   0.535,   0.000,  26.727,   1.091,   0.303,
 310.,  15.731,   4.468,   0.000,   0.000,   0.565,   0.000,  26.639,   1.108,   0.291,
 312.,  11.406,   4.511,   0.000,   0.000,   0.597,   0.000,  26.589,   1.124,   0.293,
 314.,  11.473,   4.584,   0.000,   0.000,   0.641,   0.000,  26.911,   1.142,   0.310,
 316.,  11.535,   4.596,   0.000,   0.000,   0.684,   0.000,  27.246,   1.160,   0.306,
 318.,  11.577,   4.705,   0.000,   0.000,   0.725,   0.000,  27.211,   1.177,   0.321,
 320.,  11.626,   4.801,   0.000,   0.000,   0.770,   0.000,  27.437,   1.194,   0.336,
 322.,  11.668,   4.883,   0.000,   0.000,   0.815,   0.000,  27.737,   1.212,   0.346,
 324.,  11.703,   5.007,   0.000,   0.000,   0.860,   0.000,  27.704,   1.230,   0.369,
 326.,  11.747,   5.113,   0.000,   0.000,   0.901,   0.000,  27.736,   1.249,   0.357,
 328.,  11.791,   5.213,   0.000,   0.000,   0.948,   0.000,  27.957,   1.267,   0.347,
 330.,  11.609,   5.315,   0.000,   0.000,   0.999,   0.000,  28.122,   1.286,   0.359,
 332.,  11.378,   5.396,   0.000,   0.000,   1.046,   0.000,  28.359,   1.304,   0.374,
 334.,  11.378,   5.457,   0.000,   0.000,   1.094,   0.000,  28.237,   1.323,   0.396,
 336.,  11.379,   5.644,   0.000,   0.000,   1.138,   0.000,  28.131,   1.342,   0.407,
 338.,   9.002,   5.899,   0.000,   0.000,   1.179,   0.000,  28.325,   1.361,   0.388,
 340.,   8.367,   6.160,   0.000,   0.000,   1.230,   0.000,  28.653,   1.380,   0.413,
 342.,   8.007,   6.436,   0.000,   0.000,   1.284,   0.000,  28.789,   1.398,   0.439,
 344.,   6.513,   6.536,   0.000,   0.000,   1.347,   0.000,  28.681,   1.417,   0.469,
 346.,   6.009,   6.599,   0.000,   0.000,   1.418,   0.000,  28.687,   1.437,   0.499,
 348.,   6.042,   6.933,   0.000,   0.000,   1.495,   0.000,  29.000,   1.457,   0.527,
 350.,   6.067,   7.287,   0.000,   0.000,   1.570,   0.000,  29.327,   1.477,   0.557,
 352.,   5.034,   7.247,   0.000,   0.000,   1.637,   0.000,  29.279,   1.496,   0.590,
 354.,   5.034,   7.590,   0.000,   0.000,   1.692,   0.000,  29.281,   1.514,   0.621,
 356.,   4.411,   7.552,   0.000,   0.000,   1.743,   0.000,  29.537,   1.533,   0.592,
 358.,   4.411,   7.685,   0.000,   0.000,   1.797,   0.000,  29.596,   1.552,   0.626,
 360.,   4.411,   7.956,   0.000,   0.000,   1.859,   0.000,  29.733,   1.571,   0.657,
 362.,   3.714,   8.371,   0.000,   0.000,   1.937,   0.000,  29.652,   1.591,   0.689,
 364.,   3.714,   8.900,   0.000,   0.000,   2.018,   0.000,  29.875,   1.611,   0.728,
 366.,   3.727,   9.453,   0.000,   0.000,   2.109,   0.000,  30.064,   1.632,   0.767,
 368.,   3.727,  10.025,   0.000,   0.000,   2.196,   0.000,  30.249,   1.653,   0.803,
 370.,   3.740,  10.591,   0.000,   0.000,   2.294,   0.000,  30.439,   1.674,   0.759,
 372.,   3.759,  11.129,   0.000,   0.000,   2.406,   0.000,  30.530,   1.695,   0.795,
 374.,   3.778,  11.667,   0.000,   0.000,   2.521,   0.000,  30.938,   1.716,   0.834,
 376.,   3.787,  12.235,   0.000,   0.000,   2.631,   0.000,  30.854,   1.736,   0.860,
 378.,   3.787,  12.828,   0.000,   0.000,   2.732,   0.000,  30.935,   1.757,   0.875,
 380.,   3.787,  13.409,   0.000,   0.000,   2.835,   0.000,  30.607,   1.779,   0.900,
 382.,   3.787,  14.010,   0.000,   0.000,   2.942,   0.000,  30.529,   1.799,   0.929,
 384.,   3.787,  14.614,   0.000,   0.000,   3.051,   0.000,  30.953,   1.820,   0.963,
 386.,   3.787,  15.211,   0.000,   0.000,   3.151,   0.000,  31.124,   1.841,   0.980,
 388.,   2.690,  15.807,   0.000,   0.000,   3.238,   0.000,  31.359,   1.862,   1.010,
 390.,   2.690,  16.398,   0.000,   0.000,   3.320,   0.000,  31.322,   1.883,   1.027,
 392.,   2.690,  17.007,   0.000,   0.000,   3.428,   0.000,  31.170,   1.905,   1.044,
 394.,   2.690,  17.602,   0.000,   0.000,   3.550,   0.000,  31.397,   1.422,   1.062,
 396.,   2.690,  18.212,   0.000,   0.000,   3.676,   0.000,  31.279,   1.439,   1.087,
 398.,   2.690,  18.803,   0.000,   0.000,   3.787,   0.000,  30.685,   1.455,   1.111,
 400.,   2.690,  19.409,   0.000,   0.000,   3.900,   0.000,  30.824,   1.471,   1.145,
 402.,   2.690,  19.974,   0.000,   0.000,   3.980,   0.000,  31.228,   1.488,   1.170,
 404.,   2.690,  20.540,   0.000,   0.000,   4.027,   0.000,  31.510,   1.504,   1.206,
 406.,   2.690,  21.089,   0.000,   0.000,   4.153,   0.000,  31.903,   1.521,   1.238,
 408.,   2.690,  21.587,   0.000,   0.000,   4.278,   0.000,  32.070,   1.537,   1.280,
 410.,   2.690,  22.099,   0.000,   0.000,   4.313,   0.000,  32.202,   1.554,   1.326,
 412.,   2.690,  22.576,   0.000,   0.000,   4.424,   0.000,  32.525,   1.570,   1.373,
 414.,   2.690,  23.074,   0.000,   0.000,   4.431,   0.000,  32.798,   1.586,   1.417,
 416.,   2.690,  23.541,   0.000,   0.000,   4.332,   0.000,  32.573,   1.604,   1.464,
 418.,   2.690,  24.021,   0.000,   0.000,   4.335,   0.000,  32.435,   1.619,   1.513,
 420.,   2.690,  24.537,   0.000,   0.000,   4.338,   0.000,  32.499,   1.635,   1.558,
 422.,   2.690,  24.989,   0.000,   0.000,   4.185,   0.000,  32.771,   1.652,   1.605,
 424.,   2.690,  25.443,   0.000,   0.000,   4.283,   0.000,  32.626,   1.669,   1.654,
 426.,   0.078,  25.959,   0.000,   0.000,   4.383,   0.000,  32.485,   1.686,   1.704,
 428.,   0.080,  26.458,   0.000,   0.000,   4.341,   0.000,  32.549,   1.703,   1.754,
 430.,   0.087,  26.909,   0.000,   0.000,   4.309,   0.000,  32.837,   1.719,   1.807,
 432.,   0.094,  27.370,   0.000,   0.000,   4.412,   0.000,  32.915,   1.736,   1.861,
 434.,   0.101,  27.831,   0.000,   0.000,   4.516,   0.000,  33.183,   1.752,   1.915,
 436.,   0.109,  28.288,   0.000,   0.000,   4.613,   0.000,  33.094,   1.770,   1.970,
 438.,   0.117,  28.523,   0.000,   0.000,   4.211,   0.000,  32.825,   1.788,   2.025,
 440.,   0.126,  28.677,   0.000,   0.000,   4.125,   0.000,  33.114,   1.805,   2.080,
 442.,   0.134,  29.021,   0.000,   0.000,   4.211,   0.000,  33.077,   1.823,   2.134,
 444.,   0.143,  29.133,   0.000,   0.000,   4.105,   0.000,  33.201,   1.839,   2.185,
 446.,   0.151,  29.555,   0.000,   0.000,   4.182,   0.000,  33.094,   1.857,   2.236,
 448.,   0.161,  29.903,   0.000,   0.000,   4.272,   0.000,  33.225,   1.875,   2.294,
 450.,   0.171,  30.273,   0.000,   0.000,   4.371,   0.000,  33.313,   1.895,   2.352,
 452.,   0.182,  30.730,   0.000,   0.000,   4.457,   0.000,  33.623,   1.914,   2.411,
 454.,   0.193,  30.376,   0.000,   0.000,   4.122,   0.000,  34.169,   1.932,   2.470,
 456.,   0.205,  30.632,   0.000,   0.000,   4.213,   0.000,  34.533,   1.950,   2.531,
 458.,   0.217,  30.767,   0.000,   0.000,   4.300,   0.000,  34.850,   1.968,   2.592,
 460.,   0.230,  30.957,   0.000,   0.000,   4.387,   0.000,  35.128,   1.987,   2.653,
 462.,   0.243,  30.762,   0.000,   0.000,   4.473,   0.000,  35.240,   2.006,   2.715,
 464.,   0.257,  31.075,   0.000,   0.000,   4.561,   0.000,  34.850,   2.024,   2.778,
 466.,   0.268,  31.184,   0.000,   0.000,   4.643,   0.000,  35.130,   2.042,   2.840,
 468.,   0.280,  30.847,   0.000,   0.000,   4.456,   0.000,  35.011,   2.060,   2.898,
 470.,   0.294,  30.562,   0.000,   0.000,   4.275,   0.000,  35.236,   1.689,   2.960,
 472.,   0.307,  30.664,   0.000,   0.000,   4.344,   0.000,  35.234,   1.704,   3.021,
 474.,   0.321,  30.795,   0.000,   0.000,   4.412,   0.000,  35.428,   1.719,   3.082,
 476.,   0.334,  29.750,   0.000,   0.000,   4.484,   0.000,  35.663,   1.734,   3.145,
 478.,   0.349,  29.276,   0.000,   0.000,   4.558,   0.000,  35.812,   1.749,   3.211,
 480.,   0.366,  28.466,   0.000,   0.000,   4.633,   0.000,  35.869,   1.764,   3.278,
 482.,   0.383,  27.948,   0.000,   0.000,   4.429,   0.000,  36.134,   1.778,   3.347,
 484.,   0.400,  27.583,   0.000,   0.000,   4.504,   0.000,  36.325,   1.794,   3.415,
 486.,   0.418,  27.739,   0.000,   0.000,   4.293,   0.000,  36.448,   1.809,   3.484,
 488.,   0.434,  27.770,   0.000,   0.000,   4.351,   0.000,  36.294,   1.824,   3.546,
 490.,   0.448,  26.751,   0.000,   0.000,   4.403,   0.000,  36.597,   1.838,   3.604,
 492.,   0.460,  26.784,   0.000,   0.000,   4.450,   0.000,  36.946,   1.854,   3.660,
 494.,   0.475,  26.994,   0.000,   0.000,   4.502,   0.000,  37.351,   1.869,   3.718,
 496.,   0.419,  27.276,   0.000,   0.000,   4.563,   0.000,  37.153,   1.884,   3.782,
 498.,   0.435,  27.553,   0.000,   0.000,   4.324,   0.000,  36.825,   1.900,   3.853,
 500.,   0.451,  27.224,   0.000,   0.000,   4.395,   0.000,  37.021,   1.915,   3.923,
